ticker,country_code,country_name,company,fiscal_year,cash_from_operations,total_assets,net_interest_coverage,current_ratio,total_debt_to_equity,besg_esg_score,market_cap,total_liabilities,tobins_q,roa,capex,net_ppe,esg_disclosure_score,cash_equivalents,security_key,period_group
1,HK,Hong Kong,CK HUTCHISON HOLDINGS LTD,2017,6877762560.0,140836241408,4.8002,2.0328,56.6533,1.87,48441336.0,65116291072,0.9531,3.3212,-3037477376.0,21388578816,30.71,20540686336.0,1 HK,Pre-COVID (≤2019)
1,HK,Hong Kong,CK HUTCHISON HOLDINGS LTD,2018,7111141376.0,157330505728,5.8974,1.5313,59.63,1.84,37025264.0,81895383040,0.8733,3.3441,-3513848576.0,15105206272,30.71,17289011200.0,1 HK,Pre-COVID (≤2019)
1,HK,Hong Kong,CK HUTCHISON HOLDINGS LTD,2019,8840975360.0,155468595200,4.7748,1.3611,73.5349,2.51,36784096.0,78828765184,0.8532,3.2605,-4108430592.0,26041057280,38.3,17604759552.0,1 HK,Pre-COVID (≤2019)
1,HK,Hong Kong,CK HUTCHISON HOLDINGS LTD,2020,9433957376.0,161806106624,4.4803,1.3697,70.4904,3.01,26906202.0,80546447360,0.7723,2.364,-3494526464.0,27845543936,50.78,20113106944.0,1 HK,COVID (2020–2022)
1,HK,Hong Kong,CK HUTCHISON HOLDINGS LTD,2021,6713643520.0,155630141440,4.6002,1.2926,63.8935,3.41,24736404.0,73006858240,0.7361,2.7133,-3480843520.0,26668933120,55.52,19638730752.0,1 HK,COVID (2020–2022)
1,HK,Hong Kong,CK HUTCHISON HOLDINGS LTD,2022,7242648064.0,147203424256,5.7441,1.2706,54.526,3.48,22999806.0,64233181184,0.7004,3.1059,-3050228480.0,22044811264,55.52,17699348480.0,1 HK,COVID (2020–2022)
1,HK,Hong Kong,CK HUTCHISON HOLDINGS LTD,2023,6570201088.0,148375666688,3.0917,1.2453,51.1655,3.56,20521774.0,62524518400,0.6689,2.037,-2767973632.0,23176708096,56.7,16301308928.0,1 HK,GenAI Era (2023+)
1,HK,Hong Kong,CK HUTCHISON HOLDINGS LTD,2024,6949851136.0,143226699776,2.5233,1.4673,49.4195,3.75,20462536.0,59213152256,0.6622,1.5046,-2609974784.0,21803880448,59.33,15616333824.0,1 HK,GenAI Era (2023+)
1,HK,Hong Kong,CK HUTCHISON HOLDINGS LTD,2025,8025828352.0,148469661696,2.313,1.5712,48.5598,,26053888.0,60031733760,0.6885,1.0441,-2404272128.0,20457611264,,18467348480.0,1 HK,GenAI Era (2023+)
10,HK,Hong Kong,HANG LUNG GROUP LTD,2017,1051503616.0,25061505024,10.3274,2.1245,18.9742,3.08,5010883.5,5917847552,0.7754,2.7811,-545514048.0,21020186624,49.85,868502208.0,10 HK,Pre-COVID (≤2019)
10,HK,Hong Kong,HANG LUNG GROUP LTD,2018,673551424.0,25356476416,7.848,1.4726,20.5465,3.11,3466544.25,6110798848,0.7015,2.6801,-1660465792.0,22467633152,50.57,874466944.0,10 HK,Pre-COVID (≤2019)
10,HK,Hong Kong,HANG LUNG GROUP LTD,2019,564765632.0,27376238592,8.3655,0.9034,19.8507,2.85,3366811.5,7049761280,0.6949,3.3101,-1571899136.0,25169594368,51.28,221717248.0,10 HK,Pre-COVID (≤2019)
10,HK,Hong Kong,HANG LUNG GROUP LTD,2020,330577248.0,28984741888,,0.9485,24.5376,3.3,3385738.5,8434682880,0.707,-0.7037,-402907136.0,25926848512,55.74,710370560.0,10 HK,COVID (2020–2022)
10,HK,Hong Kong,HANG LUNG GROUP LTD,2021,222184240.0,30525296640,3.7828,1.2085,28.0989,3.4,2909209.25,9430458368,0.6927,1.1189,-370264160.0,26837704704,56.52,1156268032.0,10 HK,COVID (2020–2022)
10,HK,Hong Kong,HANG LUNG GROUP LTD,2022,393841504.0,29036492800,3.6455,1.4113,29.7952,3.6,2502737.25,9141725184,0.6765,1.1702,-347484672.0,25558661120,57.4,731122688.0,10 HK,COVID (2020–2022)
10,HK,Hong Kong,HANG LUNG GROUP LTD,2023,290975712.0,29633062912,3.1028,1.5935,32.9023,3.67,1854866.25,9798990848,0.6549,1.2275,-400059680.0,25784958976,59.64,801731008.0,10 HK,GenAI Era (2023+)
10,HK,Hong Kong,HANG LUNG GROUP LTD,2024,419338944.0,30249365504,2.2282,1.4597,38.0233,4.12,1833557.75,10592581632,0.653,0.6917,-22812448.0,25927493632,60.82,1379043968.0,10 HK,GenAI Era (2023+)
10,HK,Hong Kong,HANG LUNG GROUP LTD,2025,552355328.0,30348795904,2.2803,1.552,35.4982,,2665895.25,10401598464,0.6693,0.5815,-38867548.0,26524235776,,854969856.0,10 HK,GenAI Era (2023+)
101,HK,Hong Kong,HANG LUNG PROPERTIES LTD,2017,1022501952.0,23499610112,16.0779,2.3967,17.6864,2.97,10995954.0,5291783680,0.7263,4.5323,-533836352.0,20001280000,52.02,853525824.0,101 HK,Pre-COVID (≤2019)
101,HK,Hong Kong,HANG LUNG PROPERTIES LTD,2018,636677760.0,23805954048,12.001,1.6878,19.2021,3.63,8567958.0,5472153600,0.6222,4.366,-1640689152.0,21459871744,50.59,855825920.0,101 HK,Pre-COVID (≤2019)
101,HK,Hong Kong,HANG LUNG PROPERTIES LTD,2019,527369856.0,25674010624,8.0178,0.9027,20.2886,3.53,9874055.0,6697478656,0.6912,3.1943,-1565007104.0,24055101440,54.2,176269712.0,101 HK,Pre-COVID (≤2019)
101,HK,Hong Kong,HANG LUNG PROPERTIES LTD,2020,291511360.0,27253569536,,0.9371,25.8084,3.77,11862724.0,8141661184,0.7808,-1.2502,-400586400.0,24777719808,60.42,649238400.0,101 HK,COVID (2020–2022)
101,HK,Hong Kong,HANG LUNG PROPERTIES LTD,2021,184874784.0,28757293056,5.0982,1.1693,30.2072,3.72,9255292.0,9214619648,0.6898,1.7761,-367305152.0,25667842048,62.97,1076114176.0,101 HK,COVID (2020–2022)
101,HK,Hong Kong,HANG LUNG PROPERTIES LTD,2022,360893664.0,27261751296,4.709,1.3801,32.0072,3.76,8800482.0,8913697792,0.6957,1.7559,-344675168.0,24466974720,63.55,659856192.0,101 HK,COVID (2020–2022)
101,HK,Hong Kong,HANG LUNG PROPERTIES LTD,2023,252017168.0,27821422592,3.9517,1.5182,35.8717,3.93,6267374.5,9625252864,0.6159,1.8466,-393417568.0,24708345856,63.55,674852096.0,101 HK,GenAI Era (2023+)
101,HK,Hong Kong,HANG LUNG PROPERTIES LTD,2024,387939776.0,28534573056,2.5857,1.4236,40.8642,4.68,3836700.25,10376044544,0.5408,0.981,-416775744.0,24891924480,68.76,1312872576.0,101 HK,GenAI Era (2023+)
101,HK,Hong Kong,HANG LUNG PROPERTIES LTD,2025,519131904.0,28637573120,2.7234,1.5106,37.2884,,5593305.0,10077981696,0.5909,0.8125,-302217632.0,25477074944,,796258944.0,101 HK,GenAI Era (2023+)
1024,HK,Hong Kong,KUAISHOU TECHNOLOGY,2017,299121472.0,1182456960,,2.229,,,,4592094208,,,-55718568.0,295526304,,413191328.0,1024 HK,Pre-COVID (≤2019)
1024,HK,Hong Kong,KUAISHOU TECHNOLOGY,2018,275113824.0,2395798272,,2.6675,,,,7586534912,,-102.8344,-433666880.0,536888576,,780741760.0,1024 HK,Pre-COVID (≤2019)
1024,HK,Hong Kong,KUAISHOU TECHNOLOGY,2019,1162031488.0,4654964736,,1.126,,,,12658100224,,-80.3844,-368965792.0,1520082560,,573891520.0,1024 HK,Pre-COVID (≤2019)
1024,HK,Hong Kong,KUAISHOU TECHNOLOGY,2020,338926336.0,7989251584,,1.3599,,1.76,,32509696000,,-275.8579,-857203968.0,1900633088,41.95,3124087552.0,1024 HK,COVID (2020–2022)
1024,HK,Hong Kong,KUAISHOU TECHNOLOGY,2021,-847290688.0,14555368448,,1.4229,30.1772,3.3,38883724.0,7460455936,2.6976,-107.9388,-1203884544.0,3714919424,60.15,5130885120.0,1024 HK,COVID (2020–2022)
1024,HK,Hong Kong,KUAISHOU TECHNOLOGY,2022,132943792.0,12945670144,,1.1265,32.4665,2.46,39201872.0,7170875392,3.5747,-15.0587,-758404160.0,3482010880,46.71,1924158464.0,1024 HK,COVID (2020–2022)
1024,HK,Hong Kong,KUAISHOU TECHNOLOGY,2023,2971201024.0,14968737792,,1.2375,32.0373,3.17,29462076.0,8058074624,2.5008,6.5398,-691538560.0,3204388096,61.72,1817298432.0,1024 HK,GenAI Era (2023+)
1024,HK,Hong Kong,KUAISHOU TECHNOLOGY,2024,4244523776.0,19162259456,,1.0508,47.6154,4.28,22882486.0,10665122816,1.7449,12.4589,-1119918720.0,3249856256,64.91,1739458048.0,1024 HK,GenAI Era (2023+)
1024,HK,Hong Kong,KUAISHOU TECHNOLOGY,2025,3829964032.0,23537221632,138.3443,1.1483,43.9196,,35539624.0,12150348800,2.0197,12.2329,-2079783552.0,4494713344,,1599633664.0,1024 HK,GenAI Era (2023+)
1030,HK,Hong Kong,SEAZEN GROUP LTD,2017,-1981828224.0,29108203520,3.9153,1.1243,200.4714,2.61,3548788.5,25322483712,1.0544,2.5785,-764131392.0,4125792768,42.54,3157157376.0,1030 HK,Pre-COVID (≤2019)
1030,HK,Hong Kong,SEAZEN GROUP LTD,2018,104145104.0,48972238848,2.1429,1.1587,178.2628,2.63,4042481.0,42325327872,1.0257,2.5695,-1617468544.0,6425944576,44.48,5991695872.0,1030 HK,Pre-COVID (≤2019)
1030,HK,Hong Kong,SEAZEN GROUP LTD,2019,5734503424.0,67243352064,1.9128,1.0345,152.2941,3.04,7179494.5,58940538880,1.0534,1.9407,-2599774208.0,10296802304,44.18,8572204032.0,1030 HK,Pre-COVID (≤2019)
1030,HK,Hong Kong,SEAZEN GROUP LTD,2020,-421648032.0,83418324992,2.3841,1.1007,129.3788,3.38,5165856.5,70936707072,0.9962,2.0101,-2938225920.0,14290013184,46.49,9033874432.0,1030 HK,COVID (2020–2022)
1030,HK,Hong Kong,SEAZEN GROUP LTD,2021,2618785792.0,84974886912,2.1294,1.0636,107.7056,3.1,4396955.0,69647982592,0.9713,1.5841,-2405216768.0,17734668288,46.49,7332278784.0,1030 HK,COVID (2020–2022)
1030,HK,Hong Kong,SEAZEN GROUP LTD,2022,1321189760.0,67183759360,1.1701,0.9626,86.2423,2.98,2617377.25,53700685824,0.9424,0.0559,-1188754560.0,17789927424,46.49,3252166912.0,1030 HK,COVID (2020–2022)
1030,HK,Hong Kong,SEAZEN GROUP LTD,2023,1078689792.0,53102088192,-1.077,0.9175,71.3173,2.82,1148886.375,40356450304,0.9,0.2092,-350050976.0,17744939008,46.49,1862365568.0,1030 HK,GenAI Era (2023+)
1030,HK,Hong Kong,SEAZEN GROUP LTD,2024,-193056880.0,42349363200,1.6944,0.8966,68.0474,2.9,1655528.625,30459377664,0.8891,0.1432,-269215936.0,17484173312,47.02,947285120.0,1030 HK,GenAI Era (2023+)
1030,HK,Hong Kong,SEAZEN GROUP LTD,2025,-255455104.0,38146392064,2.4054,0.8429,70.5005,,1860862.875,26476990464,0.8741,0.1367,-42170388.0,18293282816,,653549952.0,1030 HK,GenAI Era (2023+)
1036,HK,Hong Kong,VANKE OVERSEAS INVESTMENT HO,2017,11339916.0,393916768,,27.214,0.0,,235841.8281,9700856,0.6233,5.1719,-3352518.0,234273648,,110838680.0,1036 HK,Pre-COVID (≤2019)
1036,HK,Hong Kong,VANKE OVERSEAS INVESTMENT HO,2018,60777972.0,478349760,,37.1143,0.0,,213359.5781,10184112,0.4673,19.8373,-1033357.0,251287888,,181952064.0,1036 HK,Pre-COVID (≤2019)
1036,HK,Hong Kong,VANKE OVERSEAS INVESTMENT HO,2019,12417058.0,683379840,,1.5273,33.4171,,187532.7031,200078064,0.5672,2.9409,-168345.0,482556096,,57886944.0,1036 HK,Pre-COVID (≤2019)
1036,HK,Hong Kong,VANKE OVERSEAS INVESTMENT HO,2020,22510970.0,709531712,7.6821,2.7161,33.2761,,121575.1953,205025728,0.4604,3.432,-2489773.0,485939616,,78781872.0,1036 HK,COVID (2020–2022)
1036,HK,Hong Kong,VANKE OVERSEAS INVESTMENT HO,2021,7315869.0,763228096,16.6324,1.3127,29.4328,,116396.2891,211740176,0.43,7.4145,-8211039.0,513380192,,104127864.0,1036 HK,COVID (2020–2022)
1036,HK,Hong Kong,VANKE OVERSEAS INVESTMENT HO,2022,22010044.0,686730432,3.7425,4.8005,15.2889,,100855.7656,135319616,0.3439,0.4982,-19188408.0,368349344,,74998272.0,1036 HK,COVID (2020–2022)
1036,HK,Hong Kong,VANKE OVERSEAS INVESTMENT HO,2023,-4098696.0,654408512,3.4934,4.2187,8.9717,,62838.3477,104434872,0.2556,0.5292,-9063677.0,380685088,,78135608.0,1036 HK,GenAI Era (2023+)
1036,HK,Hong Kong,VANKE OVERSEAS INVESTMENT HO,2024,30607642.0,575242368,,6.369,0.677,,63185.3945,31799888,0.1651,-1.0549,-117138.0,376088672,,58861952.0,1036 HK,GenAI Era (2023+)
1036,HK,Hong Kong,VANKE OVERSEAS INVESTMENT HO,2025,38682832.0,553841024,,7.5402,0.4433,,90076.9922,26398208,0.2103,-2.1048,-23859.0,359066272,,88183304.0,1036 HK,GenAI Era (2023+)
1038,HK,Hong Kong,CK INFRASTRUCTURE HOLDINGS L,2017,2241342720.0,20456716288,18.4429,0.6864,29.6433,2.88,22783674.0,5327752192,1.4112,7.5642,-32594816.0,315144064,43.43,1252000000.0,1038 HK,Pre-COVID (≤2019)
1038,HK,Hong Kong,CK INFRASTRUCTURE HOLDINGS L,2018,1673224832.0,20143765504,18.1099,1.2661,24.7236,2.97,20069086.0,4579300864,1.2677,7.0778,-953995840.0,320216544,45.5,777559296.0,1038 HK,Pre-COVID (≤2019)
1038,HK,Hong Kong,CK INFRASTRUCTURE HOLDINGS L,2019,967567936.0,21206798336,23.9069,1.4314,25.2868,2.73,18869716.0,4982539776,1.2142,6.9991,-46329928.0,360114016,43.84,1550480128.0,1038 HK,Pre-COVID (≤2019)
1038,HK,Hong Kong,CK INFRASTRUCTURE HOLDINGS L,2020,1001014720.0,21591111680,23.5014,1.4049,26.0775,3.2,14238448.0,5307014656,0.9938,4.8804,-26172848.0,382398080,46.17,1738137984.0,1038 HK,COVID (2020–2022)
1038,HK,Hong Kong,CK INFRASTRUCTURE HOLDINGS L,2021,1079658368.0,20904007680,20.7802,0.6154,24.0268,3.99,16043435.0,4764603904,1.0968,4.8116,-46701144.0,388457824,54.96,1036870784.0,1038 HK,COVID (2020–2022)
1038,HK,Hong Kong,CK INFRASTRUCTURE HOLDINGS L,2022,963532480.0,21260365824,19.7946,1.5915,22.0757,4.16,13192779.0,4676545024,0.9007,4.9783,-60404356.0,372739264,56.62,2312957440.0,1038 HK,COVID (2020–2022)
1038,HK,Hong Kong,CK INFRASTRUCTURE HOLDINGS L,2023,1102718848.0,21236908032,26.3967,0.9061,18.4354,4.08,13935830.0,4174071040,0.9129,5.1034,-40874552.0,394207872,56.62,1674263168.0,1038 HK,GenAI Era (2023+)
1038,HK,Hong Kong,CK INFRASTRUCTURE HOLDINGS L,2024,948767168.0,20319657984,18.9692,0.8459,14.8937,4.18,18732384.0,3423664640,1.1535,5.2844,-47034656.0,375143232,56.62,1043423424.0,1038 HK,GenAI Era (2023+)
1038,HK,Hong Kong,CK INFRASTRUCTURE HOLDINGS L,2025,1090985216.0,21359730688,16.5315,0.8896,15.3063,,18644842.0,3649841408,1.1036,5.3706,-38739272.0,374747872,,944256704.0,1038 HK,GenAI Era (2023+)
1044,HK,Hong Kong,HENGAN INTL GROUP CO LTD,2017,604052480.0,5978151936,,1.3379,116.73,2.16,13380751.0,3466233088,2.8259,10.3885,-131668880.0,1490198272,42.16,2832421376.0,1044 HK,Pre-COVID (≤2019)
1044,HK,Hong Kong,HENGAN INTL GROUP CO LTD,2018,617419200.0,6636934144,,1.2586,142.7324,2.74,8777339.0,4165657088,1.9561,8.9883,-106109328.0,1384121216,48.56,3136850944.0,1044 HK,Pre-COVID (≤2019)
1044,HK,Hong Kong,HENGAN INTL GROUP CO LTD,2019,527858752.0,6209434112,,1.2706,119.0993,3.74,8476749.0,3602679296,1.9518,8.7922,-130041088.0,1343343232,57.63,2949747200.0,1044 HK,Pre-COVID (≤2019)
1044,HK,Hong Kong,HENGAN INTL GROUP CO LTD,2020,773538240.0,6808573952,,1.3572,106.0758,4.03,8399851.0,3796336896,1.7969,10.4809,-110362344.0,1383541632,60.74,3138212352.0,1044 HK,COVID (2020–2022)
1044,HK,Hong Kong,HENGAN INTL GROUP CO LTD,2021,785784512.0,6653883392,,1.2374,94.6842,4.38,5983861.0,3620505856,1.4492,7.5486,-121148888.0,1382204288,69.59,2870736384.0,1044 HK,COVID (2020–2022)
1044,HK,Hong Kong,HENGAN INTL GROUP CO LTD,2022,603322880.0,6137077248,,1.3783,86.2911,4.64,6174284.0,3270446848,1.5449,4.5498,-185088832.0,1342380544,69.59,2705982720.0,1044 HK,COVID (2020–2022)
1044,HK,Hong Kong,HENGAN INTL GROUP CO LTD,2023,612825024.0,5663254016,,1.4066,69.1631,4.35,4322281.5,2758132480,1.2561,6.7848,-214720960.0,1430275712,60.74,2561530880.0,1044 HK,GenAI Era (2023+)
1044,HK,Hong Kong,HENGAN INTL GROUP CO LTD,2024,481647424.0,5453107200,,1.4269,62.0126,4.4,3358731.0,2556214272,1.0903,5.7449,-209933568.0,1476542976,62.88,1953821312.0,1044 HK,GenAI Era (2023+)
1044,HK,Hong Kong,HENGAN INTL GROUP CO LTD,2025,471115648.0,6178420736,,1.1511,71.7294,,4160755.25,3034550272,1.1566,6.1096,-145955376.0,1543734912,,2234284032.0,1044 HK,GenAI Era (2023+)
1052,HK,Hong Kong,YUEXIU TRANSPORT INFRASTRUCT,2017,290074016.0,3675978496,5.1208,1.2796,66.3974,,1229337.25,1859788416,0.9354,4.0783,-3019814.0,13443527,,454734048.0,1052 HK,Pre-COVID (≤2019)
1052,HK,Hong Kong,YUEXIU TRANSPORT INFRASTRUCT,2018,325437344.0,3305916928,5.5426,1.6357,61.1551,,1268939.0,1502096512,0.9409,4.5185,-2340792.0,12109762,,347927904.0,1052 HK,Pre-COVID (≤2019)
1052,HK,Hong Kong,YUEXIU TRANSPORT INFRASTRUCT,2019,328495296.0,5284469760,5.2535,0.7093,134.6728,,1488601.5,3327271936,0.9944,3.8214,-684709.0,9025620,,206086400.0,1052 HK,Pre-COVID (≤2019)
1052,HK,Hong Kong,YUEXIU TRANSPORT INFRASTRUCT,2020,206112304.0,5571699712,1.3541,0.4437,129.8625,,1139365.375,3479877376,0.9178,0.4387,-2135153.0,12734404,,232259472.0,1052 HK,COVID (2020–2022)
1052,HK,Hong Kong,YUEXIU TRANSPORT INFRASTRUCT,2021,337497152.0,5610532864,3.658,0.7168,115.4696,6.26,991344.625,3333547264,0.8539,4.0678,-3420954.0,10744167,69.06,459176864.0,1052 HK,COVID (2020–2022)
1052,HK,Hong Kong,YUEXIU TRANSPORT INFRASTRUCT,2022,323879168.0,5267360256,2.2036,0.3735,124.7588,6.15,911460.3125,3203901440,0.864,1.2587,-3636474.0,10682022,69.06,359531936.0,1052 HK,COVID (2020–2022)
1052,HK,Hong Kong,YUEXIU TRANSPORT INFRASTRUCT,2023,367909120.0,5140322304,3.0228,0.3363,115.0208,6.3,910421.6875,3049135616,0.859,2.1013,-3901114.0,9213091,69.06,335265152.0,1052 HK,GenAI Era (2023+)
1052,HK,Hong Kong,YUEXIU TRANSPORT INFRASTRUCT,2024,328219232.0,5138338816,2.8834,0.4277,113.5065,6.5,829289.875,3027735808,0.8455,1.7749,-3847003.0,12996959,69.06,271040352.0,1052 HK,GenAI Era (2023+)
1052,HK,Hong Kong,YUEXIU TRANSPORT INFRASTRUCT,2025,393474240.0,5351387136,2.6614,0.5294,108.8306,,1016721.375,3086998784,0.8692,1.4229,-2142698.0,10338241,,424456384.0,1052 HK,GenAI Era (2023+)
1053,HK,Hong Kong,CHONGQING IRON & STEEL CO-H,2017,50765296.0,3844108288,1.6165,0.9888,7.0263,,2237556.25,1261544960,0.9132,1.0418,,3093138944,,133548800.0,1053 HK,Pre-COVID (≤2019)
1053,HK,Hong Kong,CHONGQING IRON & STEEL CO-H,2018,166023584.0,3915585024,,1.4322,10.2481,,2442157.25,1221441536,0.6464,6.8837,-2160603.0,2818205952,,286333216.0,1053 HK,Pre-COVID (≤2019)
1053,HK,Hong Kong,CHONGQING IRON & STEEL CO-H,2019,-79181376.0,3873930240,,1.5434,6.7913,,2297640.0,1088508928,0.8741,3.4344,-48858292.0,2729447680,,229101152.0,1053 HK,Pre-COVID (≤2019)
1053,HK,Hong Kong,CHONGQING IRON & STEEL CO-H,2020,165618528.0,6120519680,,0.9716,38.5286,,1955046.125,3050525440,0.8178,1.908,-32375930.0,3975788800,,719771136.0,1053 HK,COVID (2020–2022)
1053,HK,Hong Kong,CHONGQING IRON & STEEL CO-H,2021,818204416.0,6764518400,,0.8663,33.213,4.18,2843987.25,3244244992,0.9,5.484,-758419456.0,4556185600,61.97,917581248.0,1053 HK,COVID (2020–2022)
1053,HK,Hong Kong,CHONGQING IRON & STEEL CO-H,2022,178302112.0,5706201088,,0.6518,30.5438,4.51,1977336.25,2612541952,0.8044,-2.4755,-400433216.0,4359141376,64.04,570830720.0,1053 HK,COVID (2020–2022)
1053,HK,Hong Kong,CHONGQING IRON & STEEL CO-H,2023,110394528.0,5260664832,,0.4365,38.4953,4.42,1691787.75,2464752896,0.7901,-3.8957,-115286784.0,4246183424,65.26,257951392.0,1053 HK,GenAI Era (2023+)
1053,HK,Hong Kong,CHONGQING IRON & STEEL CO-H,2024,161415760.0,4860570112,,0.3714,52.8814,4.97,1714927.75,2585501184,0.8848,-8.7746,-106406184.0,3824861696,67.83,389441760.0,1053 HK,GenAI Era (2023+)
1053,HK,Hong Kong,CHONGQING IRON & STEEL CO-H,2025,204978400.0,4590888448,,0.3167,66.4331,,1818268.75,2600391168,0.8587,-8.0569,-138806048.0,3739011328,,309777824.0,1053 HK,GenAI Era (2023+)
1055,HK,Hong Kong,CHINA SOUTHERN AIRLINES CO-H,2017,2659818752.0,33614274560,3.1505,0.257,185.8098,2.21,16031842.0,24002183168,1.2486,2.8443,-2051233792.0,29548466176,39.98,1049072512.0,1055 HK,Pre-COVID (≤2019)
1055,HK,Hong Kong,CHINA SOUTHERN AIRLINES CO-H,2018,2370142208.0,35901579264,1.9023,0.2876,161.386,2.25,10571263.0,24493711360,0.9473,1.2434,-3636003328.0,30776332288,38.34,1007196352.0,1055 HK,Pre-COVID (≤2019)
1055,HK,Hong Kong,CHINA SOUTHERN AIRLINES CO-H,2019,4554782720.0,44077318144,1.4924,0.1753,239.566,2.42,11334770.0,32972255232,1.0483,0.9533,-2261899008.0,39847202816,38.7,265531200.0,1055 HK,Pre-COVID (≤2019)
1055,HK,Hong Kong,CHINA SOUTHERN AIRLINES CO-H,2020,443221696.0,50003525632,,0.4074,234.2813,2.21,12640896.0,36961026048,1.0396,-3.4255,-1604738176.0,41350348800,38.7,3894319104.0,1055 HK,COVID (2020–2022)
1055,HK,Hong Kong,CHINA SOUTHERN AIRLINES CO-H,2021,1233918976.0,50850521088,,0.3412,235.4996,2.34,16138741.0,37554946048,1.1074,-3.7273,-2657158912.0,41172574208,39.34,3375654912.0,1055 HK,COVID (2020–2022)
1055,HK,Hong Kong,CHINA SOUTHERN AIRLINES CO-H,2022,-343661184.0,45262225408,,0.2365,387.5468,2.36,17871020.0,37237555200,1.2626,-10.2915,-1739273600.0,37075783680,38.7,2883048704.0,1055 HK,COVID (2020–2022)
1055,HK,Hong Kong,CHINA SOUTHERN AIRLINES CO-H,2023,4797275136.0,43545595904,,0.2056,384.1068,3.28,12899566.0,36223315968,1.1773,-1.3545,-1605493504.0,35899142144,41.22,1378217728.0,1055 HK,GenAI Era (2023+)
1055,HK,Hong Kong,CHINA SOUTHERN AIRLINES CO-H,2024,3641576192.0,45206319104,-15.4936,0.2729,422.7345,2.9,14421784.0,37967917056,1.2131,-0.5535,-2249699072.0,36256542720,48.27,1778776320.0,1055 HK,GenAI Era (2023+)
1055,HK,Hong Kong,CHINA SOUTHERN AIRLINES CO-H,2025,4638939136.0,50085560320,1.2687,0.2764,431.5222,,18917806.0,42180395008,1.1683,0.2515,-2472996608.0,40098009088,,1345237632.0,1055 HK,GenAI Era (2023+)
1060,HK,Hong Kong,DAMAI ENTERTAINMENT HOLDINGS,2018,,2382726400,,9.0672,0.3283,,3310071.75,140853056,1.4598,,,2382726400,,9.0672,1060 HK,Pre-COVID (≤2019)
1060,HK,Hong Kong,DAMAI ENTERTAINMENT HOLDINGS,2019,-184019392.0,2475794944,,8.3702,4.7974,3.03,4715227.5,248147072,2.0105,-1.6049,-184019392.0,2475794944,,8.3702,1060 HK,Pre-COVID (≤2019)
1060,HK,Hong Kong,DAMAI ENTERTAINMENT HOLDINGS,2020,-80624240.0,2237673984,,6.7376,5.0262,1.81,3460280.0,264237472,1.6694,-7.0879,-80624240.0,2237673984,,6.7376,1060 HK,COVID (2020–2022)
1060,HK,Hong Kong,DAMAI ENTERTAINMENT HOLDINGS,2021,51469664.0,2371603712,,5.3725,2.3592,2.93,3485974.0,259876384,1.5829,-0.6137,51469664.0,2371603712,,5.3725,1060 HK,COVID (2020–2022)
1060,HK,Hong Kong,DAMAI ENTERTAINMENT HOLDINGS,2022,-66484916.0,2456892416,,5.8358,1.2622,3.12,2238593.5,241907888,1.0113,1.0917,-66484916.0,2456892416,,5.8358,1060 HK,COVID (2020–2022)
1060,HK,Hong Kong,DAMAI ENTERTAINMENT HOLDINGS,2023,81588368.0,2266944000,,6.5675,1.0331,3.71,1752586.375,212756880,0.8695,-1.8693,81588368.0,2266944000,,6.5675,1060 HK,GenAI Era (2023+)
1060,HK,Hong Kong,DAMAI ENTERTAINMENT HOLDINGS,2024,135624336.0,2971297536,,2.3705,0.4065,4.19,1714397.625,780768192,0.8447,1.5381,135624336.0,2971297536,,2.3705,1060 HK,GenAI Era (2023+)
1060,HK,Hong Kong,DAMAI ENTERTAINMENT HOLDINGS,2025,-121940968.0,3238033920,,1.8176,4.0169,,2024183.25,969242432,0.9346,1.6174,-121940968.0,3238033920,,1.8176,1060 HK,GenAI Era (2023+)
1060,HK,Hong Kong,DAMAI ENTERTAINMENT HOLDINGS,2026,388257024.0,3752455680,,1.8252,1.6291,,2400463.5,1275237888,0.9893,2.8562,388257024.0,3752455680,,1.8252,1060 HK,GenAI Era (2023+)
1066,HK,Hong Kong,SHANDONG WEIGAO GP MEDICAL-H,2017,185508064.0,2579036416,,3.9307,8.5065,2.1,3260315.0,482974016,1.4825,10.6257,-213742672.0,663496384,34.29,581639360.0,1066 HK,Pre-COVID (≤2019)
1066,HK,Hong Kong,SHANDONG WEIGAO GP MEDICAL-H,2018,302945504.0,3487224320,16.1753,3.2216,37.0254,2.26,3660732.25,1278763264,1.4447,7.226,-98566056.0,705827008,36.3,554255424.0,1066 HK,Pre-COVID (≤2019)
1066,HK,Hong Kong,SHANDONG WEIGAO GP MEDICAL-H,2019,293261824.0,3780586752,12.5702,2.7525,32.4797,2.3,5422711.5,1344305280,1.8189,7.3337,-115644688.0,777158848,36.3,608817664.0,1066 HK,Pre-COVID (≤2019)
1066,HK,Hong Kong,SHANDONG WEIGAO GP MEDICAL-H,2020,385880128.0,4283263232,60.1297,3.1245,17.6383,4.08,10218510.0,1390952960,2.7407,7.6885,-88019328.0,888310016,55.59,868007104.0,1066 HK,COVID (2020–2022)
1066,HK,Hong Kong,SHANDONG WEIGAO GP MEDICAL-H,2021,468422976.0,4810773504,,3.1403,14.9421,3.83,5643128.5,1499465344,1.5509,7.7762,-101150192.0,984651584,55.12,1053795392.0,1066 HK,COVID (2020–2022)
1066,HK,Hong Kong,SHANDONG WEIGAO GP MEDICAL-H,2022,329778816.0,4841887232,318.5068,3.0453,20.2278,3.86,7431239.5,1423470976,1.8995,8.6405,-159578496.0,994315072,55.59,1009550656.0,1066 HK,COVID (2020–2022)
1066,HK,Hong Kong,SHANDONG WEIGAO GP MEDICAL-H,2023,377174912.0,4741484544,62.6894,2.4577,19.9291,4.51,4406185.0,1362801536,1.2725,5.9694,-91448736.0,986696768,65.51,984161984.0,1066 HK,GenAI Era (2023+)
1066,HK,Hong Kong,SHANDONG WEIGAO GP MEDICAL-H,2024,365501024.0,4762014720,128.4392,3.1975,20.2025,4.51,2678106.5,1290281856,0.8851,6.0402,-82506464.0,970506752,65.51,1011757248.0,1066 HK,GenAI Era (2023+)
1066,HK,Hong Kong,SHANDONG WEIGAO GP MEDICAL-H,2025,336961952.0,5157761024,29.3958,3.7758,22.9006,,2896513.25,1463490176,0.9027,4.5538,-101678616.0,1067734336,,1166944768.0,1066 HK,GenAI Era (2023+)
107,HK,Hong Kong,SICHUAN EXPRESSWAY GROUP CO,2017,186053088.0,5269140480,2.6478,1.0754,116.9582,,1696054.0,3073755392,0.9166,2.5155,-236505264.0,142674800,,417915776.0,107 HK,Pre-COVID (≤2019)
107,HK,Hong Kong,SICHUAN EXPRESSWAY GROUP CO,2018,178270976.0,5238795776,2.6785,1.4738,117.957,,1369458.5,3074894080,0.7775,2.4165,-13627032.0,149009520,,519285312.0,107 HK,Pre-COVID (≤2019)
107,HK,Hong Kong,SICHUAN EXPRESSWAY GROUP CO,2019,-2753314.0,5437081600,3.1845,1.2048,104.3207,,1588033.125,3117242368,0.8885,2.9396,-49172340.0,197442624,,415400800.0,107 HK,Pre-COVID (≤2019)
107,HK,Hong Kong,SICHUAN EXPRESSWAY GROUP CO,2020,-172503776.0,6190155264,2.4465,1.0409,112.2575,,1261515.75,3657111808,0.8193,1.7244,-16028812.0,204844800,,477128480.0,107 HK,COVID (2020–2022)
107,HK,Hong Kong,SICHUAN EXPRESSWAY GROUP CO,2021,-397260672.0,6395037184,3.9274,2.1236,108.3143,5.76,2069438.75,3492556032,0.8964,4.6164,-9976634.0,169431568,69.3,603310848.0,107 HK,COVID (2020–2022)
107,HK,Hong Kong,SICHUAN EXPRESSWAY GROUP CO,2022,-378292608.0,8146455552,1.6442,1.11,147.8597,6.0,1400178.375,5013821952,0.8036,1.2946,-24071004.0,167832016,69.3,375128864.0,107 HK,COVID (2020–2022)
107,HK,Hong Kong,SICHUAN EXPRESSWAY GROUP CO,2023,267419040.0,8119673856,2.7421,0.656,224.2473,6.19,1616711.875,5771722240,0.9273,2.085,-669888896.0,175835632,74.26,279224672.0,107 HK,GenAI Era (2023+)
107,HK,Hong Kong,SICHUAN EXPRESSWAY GROUP CO,2024,-44122964.0,8361239552,2.2894,0.7604,197.0992,6.19,1956471.875,5690386432,0.9324,2.4424,-43885176.0,186010768,74.96,405003712.0,107 HK,GenAI Era (2023+)
107,HK,Hong Kong,SICHUAN EXPRESSWAY GROUP CO,2025,314066912.0,9676820480,4.2128,1.2506,165.6158,,2482989.0,6233945088,0.8938,2.3521,-339528192.0,190633488,,652771264.0,107 HK,GenAI Era (2023+)
1070,HK,Hong Kong,TCL ELECTRONICS HOLDINGS LTD,2017,100525360.0,3336193792,6.4318,1.2389,38.0275,,1162912.375,2351014400,0.9688,3.5134,-20239200.0,230636176,,756529472.0,1070 HK,Pre-COVID (≤2019)
1070,HK,Hong Kong,TCL ELECTRONICS HOLDINGS LTD,2018,274384384.0,3613660160,,1.313,11.2853,,894573.9375,2352720128,0.8986,3.8289,-16462649.0,191669776,,860802304.0,1070 HK,Pre-COVID (≤2019)
1070,HK,Hong Kong,TCL ELECTRONICS HOLDINGS LTD,2019,303406912.0,4278048000,,1.3068,15.7356,,1110382.0,2745571328,0.9121,7.3977,-58613864.0,233275440,,1052064768.0,1070 HK,Pre-COVID (≤2019)
1070,HK,Hong Kong,TCL ELECTRONICS HOLDINGS LTD,2020,365606976.0,6749842944,,1.2247,34.6153,,1837107.0,4591534592,0.9634,8.4041,-85969808.0,464495520,,1339345792.0,1070 HK,COVID (2020–2022)
1070,HK,Hong Kong,TCL ELECTRONICS HOLDINGS LTD,2021,155923536.0,7635054592,,1.1981,39.954,2.23,1288065.375,5278829568,0.8671,2.1167,-105106392.0,531008000,30.33,1476007168.0,1070 HK,COVID (2020–2022)
1070,HK,Hong Kong,TCL ELECTRONICS HOLDINGS LTD,2022,257847808.0,7063709184,,1.1923,34.7893,2.18,1002898.375,4899937280,0.8432,0.7798,-60021112.0,478214240,29.95,1203704448.0,1070 HK,COVID (2020–2022)
1070,HK,Hong Kong,TCL ELECTRONICS HOLDINGS LTD,2023,306081184.0,8293402624,11.4194,1.1752,35.9352,1.97,818669.5625,6077684736,0.8408,1.2406,-26905930.0,413584096,29.95,1374654592.0,1070 HK,GenAI Era (2023+)
1070,HK,Hong Kong,TCL ELECTRONICS HOLDINGS LTD,2024,370286912.0,9831404544,,1.1296,28.1022,2.57,2060833.75,7555773952,0.9843,2.493,-68038640.0,420541344,29.95,1129251968.0,1070 HK,GenAI Era (2023+)
1070,HK,Hong Kong,TCL ELECTRONICS HOLDINGS LTD,2025,631652160.0,11785091072,5.7413,1.1109,32.8564,,3361722.0,9229203456,1.076,2.9686,-65400232.0,475540544,,1737192704.0,1070 HK,GenAI Era (2023+)
1083,HK,Hong Kong,TOWNGAS SMART ENERGY CO LTD,2017,240917136.0,4195283200,7.8646,0.4195,51.337,1.69,2225640.5,1993906304,1.0471,4.4913,-239105040.0,2006166912,38.35,205483664.0,1083 HK,Pre-COVID (≤2019)
1083,HK,Hong Kong,TOWNGAS SMART ENERGY CO LTD,2018,200406624.0,4342918656,6.3035,0.4979,53.626,1.93,2084505.25,2074166912,1.0029,3.6661,-308101760.0,2113397248,42.11,205751520.0,1083 HK,Pre-COVID (≤2019)
1083,HK,Hong Kong,TOWNGAS SMART ENERGY CO LTD,2019,275290368.0,4903569920,5.4704,0.492,50.8686,1.91,1990154.25,2297395968,0.9186,3.624,-296870688.0,2313331712,42.11,248733760.0,1083 HK,Pre-COVID (≤2019)
1083,HK,Hong Kong,TOWNGAS SMART ENERGY CO LTD,2020,349519552.0,5531934720,6.0784,0.4334,51.0411,1.95,1340169.5,2610929152,0.7591,3.5692,-305292096.0,2695405824,42.11,287082816.0,1083 HK,COVID (2020–2022)
1083,HK,Hong Kong,TOWNGAS SMART ENERGY CO LTD,2021,341626720.0,6955652608,4.1599,0.4448,77.6117,2.1,2747559.0,3727341568,0.9729,2.5805,-358077344.0,3046090752,42.11,522104128.0,1083 HK,COVID (2020–2022)
1083,HK,Hong Kong,TOWNGAS SMART ENERGY CO LTD,2022,229932944.0,6786210304,2.8282,0.4569,83.0648,2.18,1637306.375,3727505920,0.8351,1.8004,-430499808.0,3120534528,41.4,512795424.0,1083 HK,COVID (2020–2022)
1083,HK,Hong Kong,TOWNGAS SMART ENERGY CO LTD,2023,234014224.0,6845146624,3.7335,0.558,73.5646,3.99,1395811.75,3614858496,0.7766,2.9596,-603060480.0,3785587712,50.13,522405696.0,1083 HK,GenAI Era (2023+)
1083,HK,Hong Kong,TOWNGAS SMART ENERGY CO LTD,2024,388494208.0,6828629504,3.9678,0.6147,67.8161,5.82,1433897.625,3512587520,0.7679,3.016,-492355712.0,3772516608,63.22,347578432.0,1083 HK,GenAI Era (2023+)
1083,HK,Hong Kong,TOWNGAS SMART ENERGY CO LTD,2025,312505600.0,7092447744,4.1087,0.5036,61.5349,,1820774.125,3474738688,0.7774,2.9291,-304162944.0,3889480192,,316152064.0,1083 HK,GenAI Era (2023+)
1088,HK,Hong Kong,CHINA SHENHUA ENERGY CO-H,2017,13300130816.0,87160004608,14.0117,1.1444,25.9402,4.26,67533032.0,29584429056,1.2432,7.8746,-3002629376.0,58721316864,51.01,11333240832.0,1088 HK,Pre-COVID (≤2019)
1088,HK,Hong Kong,CHINA SHENHUA ENERGY CO-H,2018,12764061696.0,86010904576,15.1231,1.8909,14.631,4.24,50496240.0,26573963264,0.946,7.618,-2932797696.0,45258412032,56.62,8993676288.0,1088 HK,Pre-COVID (≤2019)
1088,HK,Hong Kong,CHINA SHENHUA ENERGY CO-H,2019,8868635648.0,80863223808,22.6806,1.6809,11.9883,4.48,50323756.0,20516558848,0.99,7.2238,-2625464832.0,43033862144,55.94,6006692352.0,1088 HK,Pre-COVID (≤2019)
1088,HK,Hong Kong,CHINA SHENHUA ENERGY CO-H,2020,11861657600.0,85556903936,30.0436,2.4784,15.1236,4.43,51901884.0,20424837120,0.9617,6.9851,-2999254272.0,44731584512,59.21,19007537152.0,1088 HK,COVID (2020–2022)
1088,HK,Hong Kong,CHINA SHENHUA ENERGY CO-H,2021,14747487232.0,95471591424,69.8544,2.2705,14.6829,4.58,66346592.0,25389154304,1.0742,8.5961,-3665164288.0,49082142720,57.63,24654426112.0,1088 HK,COVID (2020–2022)
1088,HK,Hong Kong,CHINA SHENHUA ENERGY CO-H,2022,16417071104.0,90644480000,,2.1447,12.3028,3.96,75787608.0,23558983680,1.2012,11.8335,-3995005696.0,46993158144,41.47,19055751168.0,1088 HK,COVID (2020–2022)
1088,HK,Hong Kong,CHINA SHENHUA ENERGY CO-H,2023,12903541760.0,89197879296,,2.1723,9.1448,4.49,84371072.0,21371176960,1.2963,10.2683,-5236882944.0,47781642240,59.24,15233200128.0,1088 HK,GenAI Era (2023+)
1088,HK,Hong Kong,CHINA SHENHUA ENERGY CO-H,2024,12817464320.0,92012904448,,1.9706,11.2233,5.14,112841056.0,23478231040,1.5972,9.1252,-5237491712.0,48914292736,63.35,9098419200.0,1088 HK,GenAI Era (2023+)
1088,HK,Hong Kong,CHINA SHENHUA ENERGY CO-H,2025,11117418496.0,129319944192,174.4685,1.2202,17.7204,,112396792.0,42953027584,1.1993,6.709,-6736539136.0,76022087680,,7223676928.0,1088 HK,GenAI Era (2023+)
1093,HK,Hong Kong,CSPC PHARMACEUTICAL GROUP LT,2017,424571968.0,2757533696,2329.6716,2.3672,6.4066,1.86,12610221.0,785336448,4.8619,15.2634,-151982816.0,926180864,38.98,838910720.0,1093 HK,Pre-COVID (≤2019)
1093,HK,Hong Kong,CSPC PHARMACEUTICAL GROUP LT,2018,582815168.0,3375276032,180.6178,1.9047,11.1082,2.46,8997552.0,1117574656,3.0174,14.9701,-260363280.0,1049519936,43.43,963579136.0,1093 HK,Pre-COVID (≤2019)
1093,HK,Hong Kong,CSPC PHARMACEUTICAL GROUP LT,2019,560896640.0,3779521792,,2.1962,2.5805,2.46,14875875.0,976556992,4.2344,14.9958,-282673664.0,1333023872,45.17,855386048.0,1093 HK,Pre-COVID (≤2019)
1093,HK,Hong Kong,CSPC PHARMACEUTICAL GROUP LT,2020,991125568.0,4606907392,,2.5265,1.371,2.46,12246024.0,1067706368,2.9154,18.3004,-217304704.0,1368786048,45.17,1347387136.0,1093 HK,COVID (2020–2022)
1093,HK,Hong Kong,CSPC PHARMACEUTICAL GROUP LT,2021,747339200.0,5465863680,,2.8143,0.3505,2.86,12980613.0,1245000064,2.6267,17.2968,-295176736.0,1509983488,48.39,1687678720.0,1093 HK,COVID (2020–2022)
1093,HK,Hong Kong,CSPC PHARMACEUTICAL GROUP LT,2022,1170261120.0,6054818816,,2.6744,1.8411,3.29,12542446.0,1468109312,2.3483,15.9228,-348169984.0,1600274816,49.75,2010968320.0,1093 HK,COVID (2020–2022)
1093,HK,Hong Kong,CSPC PHARMACEUTICAL GROUP LT,2023,626818368.0,6517513728,,2.6265,2.0187,3.44,11064115.0,1586233088,1.98,13.3406,-304569728.0,1647936128,48.64,1843671040.0,1093 HK,GenAI Era (2023+)
1093,HK,Hong Kong,CSPC PHARMACEUTICAL GROUP LT,2024,662139776.0,6081183744,,2.272,1.498,3.8,7161847.5,1441584384,1.3894,9.5467,-337123712.0,1720556032,51.32,1107516544.0,1093 HK,GenAI Era (2023+)
1093,HK,Hong Kong,CSPC PHARMACEUTICAL GROUP LT,2025,837445824.0,6681534464,,2.1862,1.8556,,12478869.0,1738106112,2.0823,8.524,-272847360.0,1940304128,,1268472320.0,1093 HK,GenAI Era (2023+)
1099,HK,Hong Kong,SINOPHARM GROUP CO-H,2017,158165152.0,29307236352,5.304,1.3065,64.0261,2.91,11971866.0,20401465344,1.2076,3.2006,-314242624.0,1724606208,39.58,4955015168.0,1099 HK,Pre-COVID (≤2019)
1099,HK,Hong Kong,SINOPHARM GROUP CO-H,2018,14030377.0,34276524032,3.9193,1.2785,80.609,2.89,12482762.0,24350558208,1.1575,2.7368,-490170400.0,1930074624,39.58,5858688000.0,1099 HK,Pre-COVID (≤2019)
1099,HK,Hong Kong,SINOPHARM GROUP CO-H,2019,2033732736.0,38758129664,3.599,1.2891,71.6659,3.0,10853954.0,27709022208,1.1043,2.473,-322008448.0,2694440448,39.58,5628280320.0,1099 HK,Pre-COVID (≤2019)
1099,HK,Hong Kong,SINOPHARM GROUP CO-H,2020,1055929664.0,47659048960,4.3643,1.312,76.1855,3.02,7590644.0,33902651392,0.9781,2.4736,-275280576.0,2832424192,39.12,7687516672.0,1099 HK,COVID (2020–2022)
1099,HK,Hong Kong,SINOPHARM GROUP CO-H,2021,814599104.0,52770144256,4.1419,1.3266,68.6057,3.59,6787602.5,37091672064,0.9441,2.4002,-321568000.0,3145972736,48.03,6848449024.0,1099 HK,COVID (2020–2022)
1099,HK,Hong Kong,SINOPHARM GROUP CO-H,2022,2502065408.0,52876689408,4.6787,1.3594,63.224,3.5,7935939.5,36921397248,0.9635,2.4352,-330791232.0,2926028800,42.75,8004758016.0,1099 HK,COVID (2020–2022)
1099,HK,Hong Kong,SINOPHARM GROUP CO-H,2023,2058463360.0,53990150144,6.2701,1.3948,61.322,5.45,8170616.5,37046710272,0.9568,2.4202,-284105856.0,2872630272,53.73,8985598976.0,1099 HK,GenAI Era (2023+)
1099,HK,Hong Kong,SINOPHARM GROUP CO-H,2024,1237829248.0,53794414592,5.4144,1.3824,90.6514,5.57,8557228.0,36408143872,0.9576,1.8135,-273357984.0,2598207232,56.43,7440797696.0,1099 HK,GenAI Era (2023+)
1099,HK,Hong Kong,SINOPHARM GROUP CO-H,2025,1701020672.0,55852859392,6.3919,1.4056,80.9341,,7793722.5,36657291264,0.9245,1.8275,-210022512.0,2660237312,,6981747712.0,1099 HK,GenAI Era (2023+)
1109,HK,Hong Kong,CHINA RESOURCES LAND LTD,2017,887794880.0,73839353856,11.0002,1.3931,73.1808,2.85,20405208.0,51671388160,1.0272,4.5651,-1009867584.0,16881321984,46.22,8264404992.0,1109 HK,Pre-COVID (≤2019)
1109,HK,Hong Kong,CHINA RESOURCES LAND LTD,2018,3435465728.0,95332311040,12.2204,1.3275,73.1645,3.25,26636358.0,69061361664,1.0684,4.3171,-2148267008.0,20479793152,49.34,10317573120.0,1109 HK,Pre-COVID (≤2019)
1109,HK,Hong Kong,CHINA RESOURCES LAND LTD,2019,3996342272.0,110562164736,10.4865,1.3244,58.4993,3.32,35521036.0,76700712960,1.1024,4.0786,-2392427776.0,25421486080,49.34,9285895168.0,1109 HK,Pre-COVID (≤2019)
1109,HK,Hong Kong,CHINA RESOURCES LAND LTD,2020,2616776448.0,133141528576,10.6272,1.2933,66.511,3.92,29429830.0,93883932672,0.9954,3.6647,-2459538432.0,31758133248,50.8,13704274944.0,1109 HK,COVID (2020–2022)
1109,HK,Hong Kong,CHINA RESOURCES LAND LTD,2021,394563968.0,149431926784,10.1112,1.3242,63.6057,3.62,29996130.0,103479853056,0.97,3.5628,-4587600384.0,37632626688,48.3,17109253120.0,1109 HK,COVID (2020–2022)
1109,HK,Hong Kong,CHINA RESOURCES LAND LTD,2022,-562137344.0,156746579968,7.679,1.3528,65.6173,3.72,32676352.0,107213758464,0.9896,2.7661,-3546744576.0,37641080832,49.82,13849849856.0,1109 HK,COVID (2020–2022)
1109,HK,Hong Kong,CHINA RESOURCES LAND LTD,2023,5717508608.0,167743078400,8.5181,1.3426,62.3012,3.89,25563504.0,113646714880,0.9362,2.7604,-3375236352.0,39981658112,49.82,15867049984.0,1109 HK,GenAI Era (2023+)
1109,HK,Hong Kong,CHINA RESOURCES LAND LTD,2024,4000359680.0,154738917376,7.1588,1.4103,67.1699,4.26,20701454.0,100357423104,0.8923,2.2005,-2203863808.0,40009814016,52.12,17998874624.0,1109 HK,GenAI Era (2023+)
1109,HK,Hong Kong,CHINA RESOURCES LAND LTD,2025,4300969472.0,154340409344,6.8555,1.6614,68.5868,,24918300.0,94344749056,0.8931,2.3021,-943318528.0,44966187008,,16518466560.0,1109 HK,GenAI Era (2023+)
1112,HK,Hong Kong,HEALTH AND HAPPINESS H&H INT,2017,231918000.0,2171802880,4.2311,1.2102,149.14,3.73,4231319.0,1524302336,2.6505,6.5826,-10897050.0,86433368,43.95,321250400.0,1112 HK,Pre-COVID (≤2019)
1112,HK,Hong Kong,HEALTH AND HAPPINESS H&H INT,2018,180076800.0,2159567872,4.9049,1.4157,123.0411,3.47,3654213.75,1454538112,2.3835,5.8177,-9560754.0,78159336,38.32,278024864.0,1112 HK,Pre-COVID (≤2019)
1112,HK,Hong Kong,HEALTH AND HAPPINESS H&H INT,2019,163490608.0,2277820160,5.5458,1.6227,107.9533,4.18,2663174.75,1474504832,1.8484,6.5441,-15198247.0,97498064,45.45,318427072.0,1112 HK,Pre-COVID (≤2019)
1112,HK,Hong Kong,HEALTH AND HAPPINESS H&H INT,2020,191547360.0,2637949696,6.9907,1.5159,99.5288,4.73,2385111.25,1687666688,1.544,6.8724,-11799127.0,92457256,49.88,280498976.0,1112 HK,COVID (2020–2022)
1112,HK,Hong Kong,HEALTH AND HAPPINESS H&H INT,2021,254802560.0,3190910720,4.0231,0.8082,161.0461,4.72,999570.3125,2264999168,1.0231,2.7119,-8258946.0,92713296,54.06,377601056.0,1112 HK,COVID (2020–2022)
1112,HK,Hong Kong,HEALTH AND HAPPINESS H&H INT,2022,150165664.0,3038736128,2.7817,1.1411,157.4351,4.65,1377804.375,2148431872,1.1607,2.9666,-6675444.0,76986928,54.83,333931520.0,1112 HK,COVID (2020–2022)
1112,HK,Hong Kong,HEALTH AND HAPPINESS H&H INT,2023,52343412.0,2822335744,2.0671,0.6081,146.5008,5.07,1000088.625,1935834240,1.0402,2.8379,-8200035.0,71924040,56.52,192120064.0,1112 HK,GenAI Era (2023+)
1112,HK,Hong Kong,HEALTH AND HAPPINESS H&H INT,2024,90394512.0,2581365760,1.2167,1.1938,161.0054,5.03,735509.625,1784948224,0.9764,-0.2763,-7869571.0,59900816,57.13,219733136.0,1112 HK,GenAI Era (2023+)
1112,HK,Hong Kong,HEALTH AND HAPPINESS H&H INT,2025,140735312.0,2776254976,1.6268,1.1475,151.0788,,1088113.25,1919082880,1.0832,1.0257,-6751432.0,74487128,,238800560.0,1112 HK,GenAI Era (2023+)
1113,HK,Hong Kong,CK ASSET HOLDINGS LTD,2017,6181594112.0,58028875776,716.0996,2.6834,23.2848,2.35,32325838.0,18452824064,0.9139,7.0868,-519592160.0,21931442176,46.34,6959410176.0,1113 HK,Pre-COVID (≤2019)
1113,HK,Hong Kong,CK ASSET HOLDINGS LTD,2018,1715202176.0,60767727616,,4.0576,20.3772,2.19,27020742.0,17225938944,0.7649,8.634,-4944140800.0,20573786112,46.34,7075534336.0,1113 HK,Pre-COVID (≤2019)
1113,HK,Hong Kong,CK ASSET HOLDINGS LTD,2019,5321304576.0,65225826304,,3.8288,24.0062,2.66,26672030.0,18849818624,0.7313,5.9215,-574210304.0,27904149504,48.08,7631207424.0,1113 HK,Pre-COVID (≤2019)
1113,HK,Hong Kong,CK ASSET HOLDINGS LTD,2020,2979449856.0,67155423232,,2.7214,23.1124,2.52,18958348.0,19795064832,0.6012,3.2723,-1125948160.0,28861575168,49.39,7507899392.0,1113 HK,COVID (2020–2022)
1113,HK,Hong Kong,CK ASSET HOLDINGS LTD,2021,3216075008.0,71396089856,,2.9819,26.5528,2.81,22966610.0,21857775616,0.6549,3.9875,-747604288.0,26773708800,49.39,8023982080.0,1113 HK,COVID (2020–2022)
1113,HK,Hong Kong,CK ASSET HOLDINGS LTD,2022,875160768.0,65988308992,,3.8174,13.6683,2.86,22204058.0,15524051968,0.5991,4.0999,-845405568.0,25052616704,54.88,7748695552.0,1113 HK,COVID (2020–2022)
1113,HK,Hong Kong,CK ASSET HOLDINGS LTD,2023,187001088.0,65153126400,,3.5225,15.1273,2.92,17811214.0,14012879872,0.5152,3.4436,-564068800.0,28198858752,55.61,5380124672.0,1113 HK,GenAI Era (2023+)
1113,HK,Hong Kong,CK ASSET HOLDINGS LTD,2024,1542787968.0,64598401024,,4.2562,14.3338,3.03,14372714.0,13077358592,0.4499,2.759,-709236480.0,28440465408,54.88,4577931776.0,1113 HK,GenAI Era (2023+)
1113,HK,Hong Kong,CK ASSET HOLDINGS LTD,2025,2540372736.0,65455362048,39.7972,4.456,13.7555,,17678964.0,12951990272,0.492,2.2018,-440498880.0,28849549312,,5327278080.0,1113 HK,GenAI Era (2023+)
1114,HK,Hong Kong,BRILLIANCE CHINA AUTOMOTIVE,2017,-79442720.0,5818022912,50.1697,0.8237,21.2376,1.39,13497450.0,1714528768,2.6193,12.703,-92432480.0,407832224,29.33,282403680.0,1114 HK,Pre-COVID (≤2019)
1114,HK,Hong Kong,BRILLIANCE CHINA AUTOMOTIVE,2018,47941444.0,6120499712,110.3641,0.9161,19.8403,1.42,3755512.0,1493789952,0.8754,14.5603,-69714192.0,382719040,29.33,424412576.0,1114 HK,Pre-COVID (≤2019)
1114,HK,Hong Kong,BRILLIANCE CHINA AUTOMOTIVE,2019,1408500608.0,7090578944,,1.2846,33.0724,1.86,5233628.0,2153337856,1.0529,14.5773,-115040480.0,386229440,32.77,615629888.0,1114 HK,Pre-COVID (≤2019)
1114,HK,Hong Kong,BRILLIANCE CHINA AUTOMOTIVE,2020,95949880.0,7349968384,,0.806,21.423,2.08,4593884.5,2239487488,0.9312,0.023,-89676296.0,337504448,35.97,391183808.0,1114 HK,COVID (2020–2022)
1114,HK,Hong Kong,BRILLIANCE CHINA AUTOMOTIVE,2021,228516432.0,7858748928,158.9374,0.5755,7.2501,1.82,4723368.5,1380824064,0.7536,24.4278,-34073716.0,126535608,30.36,170191152.0,1114 HK,COVID (2020–2022)
1114,HK,Hong Kong,BRILLIANCE CHINA AUTOMOTIVE,2022,1775698560.0,8034471424,,10.8306,1.0768,2.01,2826028.5,465279488,0.4236,13.5644,-5099153.0,75408632,30.36,4130660608.0,1114 HK,COVID (2020–2022)
1114,HK,Hong Kong,BRILLIANCE CHINA AUTOMOTIVE,2023,1471640064.0,7766943744,,11.1061,2.2546,2.99,2809889.25,459568096,0.435,13.9897,-3642546.0,66965864,39.91,4351841280.0,1114 HK,GenAI Era (2023+)
1114,HK,Hong Kong,BRILLIANCE CHINA AUTOMOTIVE,2024,1033572160.0,3987411968,,7.3106,2.7024,3.72,2481163.0,275068352,0.7269,7.3607,-19797824.0,187554320,39.91,1449715072.0,1114 HK,GenAI Era (2023+)
1114,HK,Hong Kong,BRILLIANCE CHINA AUTOMOTIVE,2025,520531040.0,3373848064,,5.2542,1.4759,,2625077.5,234682000,0.8864,7.5378,-31484738.0,192153072,,643863616.0,1114 HK,GenAI Era (2023+)
1117,HK,Hong Kong,CHINA MODERN DAIRY HOLDINGS,2017,25052280.0,2569287168,,0.4594,104.751,2.56,1185108.625,1479882624,1.0444,-5.6485,-238077184.0,741472320,41.37,102435800.0,1117 HK,Pre-COVID (≤2019)
1117,HK,Hong Kong,CHINA MODERN DAIRY HOLDINGS,2018,159165056.0,2318169600,,0.4018,109.0619,2.6,610619.875,1365326208,0.8592,-3.0376,-239849584.0,587032768,41.37,102208184.0,1117 HK,Pre-COVID (≤2019)
1117,HK,Hong Kong,CHINA MODERN DAIRY HOLDINGS,2019,246630384.0,2258119936,2.0464,0.4394,94.6104,2.66,946025.3125,1223036416,0.9686,2.1552,-225741776.0,542153088,39.99,128305280.0,1117 HK,Pre-COVID (≤2019)
1117,HK,Hong Kong,CHINA MODERN DAIRY HOLDINGS,2020,247166384.0,2385128448,3.977,0.6212,72.9273,2.68,1549316.125,1153598336,1.1423,4.9214,-215337696.0,554842496,39.99,172158048.0,1117 HK,COVID (2020–2022)
1117,HK,Hong Kong,CHINA MODERN DAIRY HOLDINGS,2021,266696288.0,3724596736,6.0836,0.8807,81.5337,2.98,1329851.5,1975924864,0.8981,5.1925,-310409088.0,949974656,45.43,296997216.0,1117 HK,COVID (2020–2022)
1117,HK,Hong Kong,CHINA MODERN DAIRY HOLDINGS,2022,184650752.0,4177855488,2.6704,0.9361,115.418,3.22,1004461.25,2490078208,0.8496,2.143,-574175936.0,1008879488,44.45,308124544.0,1117 HK,COVID (2020–2022)
1117,HK,Hong Kong,CHINA MODERN DAIRY HOLDINGS,2023,717034816.0,4420977152,1.4767,0.8116,114.1352,3.17,749953.875,2753264128,0.8129,0.5818,-151919456.0,1191837952,43.75,276520448.0,1117 HK,GenAI Era (2023+)
1117,HK,Hong Kong,CHINA MODERN DAIRY HOLDINGS,2024,270880736.0,4649772544,,0.9361,151.9118,3.27,937524.5,3125976576,0.9208,-4.3369,-162852960.0,1384941824,45.05,419104736.0,1117 HK,GenAI Era (2023+)
1117,HK,Hong Kong,CHINA MODERN DAIRY HOLDINGS,2025,291174016.0,5233636352,,0.9612,219.7746,,1647422.625,3828824576,1.088,-3.2009,-130116200.0,1408408832,,937770816.0,1117 HK,GenAI Era (2023+)
1126,HK,Hong Kong,DREAM INTERNATIONAL LTD,2017,36249412.0,289876992,,2.4816,0.9216,,281583.0625,72918856,1.218,20.615,-36237608.0,107374144,,50332040.0,1126 HK,Pre-COVID (≤2019)
1126,HK,Hong Kong,DREAM INTERNATIONAL LTD,2018,52214336.0,349469504,,2.0247,5.9175,,374202.0625,97251344,1.3406,13.2953,-56355932.0,149271856,,55183472.0,1126 HK,Pre-COVID (≤2019)
1126,HK,Hong Kong,DREAM INTERNATIONAL LTD,2019,65778668.0,418683424,,2.2293,6.4818,,318915.25,115122352,1.0298,15.9201,-20863016.0,161120528,,85850920.0,1126 HK,Pre-COVID (≤2019)
1126,HK,Hong Kong,DREAM INTERNATIONAL LTD,2020,43424880.0,457421376,,2.2339,11.7021,,245301.0312,127212040,0.8144,8.0135,-25843044.0,175357952,,85816968.0,1126 HK,COVID (2020–2022)
1126,HK,Hong Kong,DREAM INTERNATIONAL LTD,2021,25414300.0,538559040,,1.832,11.1581,4.53,243055.0781,195600384,0.8145,4.9976,-21551356.0,178418080,61.88,77095736.0,1126 HK,COVID (2020–2022)
1126,HK,Hong Kong,DREAM INTERNATIONAL LTD,2022,77672592.0,562014336,,2.5737,8.0137,2.22,241189.0625,151143984,0.6981,16.0086,-24089716.0,180254304,32.95,97625008.0,1126 HK,COVID (2020–2022)
1126,HK,Hong Kong,DREAM INTERNATIONAL LTD,2023,148374112.0,590549504,,3.5942,3.4117,2.26,337973.1875,119555728,0.7748,18.4468,-9442533.0,167558448,32.95,178143168.0,1126 HK,GenAI Era (2023+)
1126,HK,Hong Kong,DREAM INTERNATIONAL LTD,2024,95452544.0,638456832,,3.6912,3.6099,2.26,433949.25,128535216,0.881,15.4305,-25813440.0,168149008,32.95,206937056.0,1126 HK,GenAI Era (2023+)
1126,HK,Hong Kong,DREAM INTERNATIONAL LTD,2025,110268008.0,712385920,,3.264,2.8896,,713917.375,172434128,1.2442,13.1925,-25975836.0,177066896,,230991024.0,1126 HK,GenAI Era (2023+)
1128,HK,Hong Kong,WYNN MACAU LTD,2017,1488934912.0,5503595520,4.0216,0.5535,937.2067,3.52,16461403.0,5119488512,3.9212,8.6117,-161836592.0,4509019648,47.18,670697472.0,1128 HK,Pre-COVID (≤2019)
1128,HK,Hong Kong,WYNN MACAU LTD,2018,1081612032.0,5883633152,5.5294,1.0303,2178.4023,4.85,11333222.0,5689759232,2.8933,14.0224,-151684576.0,4288053760,70.88,1216315136.0,1128 HK,Pre-COVID (≤2019)
1128,HK,Hong Kong,WYNN MACAU LTD,2019,697922176.0,6456375808,4.6547,1.4778,4557.7695,5.26,12810251.0,6201310208,2.9446,10.4941,-209338256.0,4228118784,70.88,1808592128.0,1128 HK,Pre-COVID (≤2019)
1128,HK,Hong Kong,WYNN MACAU LTD,2020,-662424448.0,6662134272,,1.8,,4.74,8727110.0,7314264576,2.4078,-14.1582,-96587864.0,3897348096,77.48,2428660992.0,1128 HK,COVID (2020–2022)
1128,HK,Hong Kong,WYNN MACAU LTD,2021,-446016640.0,5373131776,,2.5029,,5.12,4253037.5,6658492416,2.0308,-11.0724,-61241796.0,3589083648,78.82,1495876864.0,1128 HK,COVID (2020–2022)
1128,HK,Hong Kong,WYNN MACAU LTD,2022,-573486976.0,4624497152,,1.7467,,4.56,5838247.5,6823025664,2.7379,-18.8244,-44528096.0,3292310784,76.37,951446592.0,1128 HK,COVID (2020–2022)
1128,HK,Hong Kong,WYNN MACAU LTD,2023,553390208.0,5739514880,1.4394,1.1379,,4.95,4314361.0,7763870208,2.1044,2.8963,-91239152.0,3104023040,69.06,1318741120.0,1128 HK,GenAI Era (2023+)
1128,HK,Hong Kong,WYNN MACAU LTD,2024,703446336.0,5050597888,2.246,1.2573,,5.35,3642538.25,6761567232,2.06,7.6092,-167371984.0,3003663104,76.86,1459038336.0,1128 HK,GenAI Era (2023+)
1128,HK,Hong Kong,WYNN MACAU LTD,2025,670418880.0,5211009024,1.6773,1.2306,,,4012434.25,6945326592,2.1028,4.0846,-248716400.0,2950602240,,916058176.0,1128 HK,GenAI Era (2023+)
1133,HK,Hong Kong,HARBIN ELECTRIC CO LTD-H,2017,-387819648.0,9964819456,1.6098,1.19,77.8465,,576290.6875,7483969024,0.8423,0.2972,-152476320.0,1123639296,,2337020416.0,1133 HK,Pre-COVID (≤2019)
1133,HK,Hong Kong,HARBIN ELECTRIC CO LTD-H,2018,-106503056.0,8220103680,2.3165,1.2329,58.9275,,869363.25,5849088000,0.84,0.1175,-60324744.0,1018243136,,1701778176.0,1133 HK,Pre-COVID (≤2019)
1133,HK,Hong Kong,HARBIN ELECTRIC CO LTD-H,2019,-506480032.0,7910311936,3.5486,1.2392,77.8476,,492948.7812,5633240064,0.7795,0.1902,-71247344.0,951777600,,1320794880.0,1133 HK,Pre-COVID (≤2019)
1133,HK,Hong Kong,HARBIN ELECTRIC CO LTD-H,2020,268011712.0,8879956992,0.8129,1.2675,84.9926,,488603.0,6398027776,0.7845,-0.0129,-50854776.0,958745152,,1876564224.0,1133 HK,COVID (2020–2022)
1133,HK,Hong Kong,HARBIN ELECTRIC CO LTD-H,2021,127407000.0,9535752192,,1.1586,123.5662,2.46,770370.125,7617171968,0.8899,-6.9873,-58291804.0,1052875776,42.11,1985646848.0,1133 HK,COVID (2020–2022)
1133,HK,Hong Kong,HARBIN ELECTRIC CO LTD-H,2022,678187136.0,9173387264,1.7947,1.1671,124.3213,3.73,684647.8125,7379709952,0.8893,0.1592,-55455864.0,972409024,53.02,2349977344.0,1133 HK,COVID (2020–2022)
1133,HK,Hong Kong,HARBIN ELECTRIC CO LTD-H,2023,296320096.0,10040127488,6.0017,1.1467,91.9589,4.0,592667.8125,7985855488,0.8646,0.8542,-153985888.0,880410112,57.72,2445253120.0,1133 HK,GenAI Era (2023+)
1133,HK,Hong Kong,HARBIN ELECTRIC CO LTD-H,2024,-52388200.0,9856447488,17.1792,1.1319,54.0594,2.98,728372.375,7638476288,0.8587,2.3534,-233913808.0,999574848,46.82,2078767232.0,1133 HK,GenAI Era (2023+)
1133,HK,Hong Kong,HARBIN ELECTRIC CO LTD-H,2025,631092608.0,11255067648,31.6957,1.1286,38.3222,,4777717.0,8611485696,1.1982,3.54,-246542816.0,1115534464,,2030810496.0,1133 HK,GenAI Era (2023+)
1138,HK,Hong Kong,COSCO SHIPPING ENERGY TRAN-H,2017,429950688.0,9281029120,3.553,0.8223,99.8042,3.0,3281787.5,4936969216,0.8912,2.9762,-908238464.0,6910580736,50.03,770184000.0,1138 HK,Pre-COVID (≤2019)
1138,HK,Hong Kong,COSCO SHIPPING ENERGY TRAN-H,2018,105658432.0,9219490816,1.1204,0.6382,101.8462,3.54,2412720.0,4963883008,0.8172,0.1698,-521401120.0,7179804672,50.03,504168736.0,1138 HK,Pre-COVID (≤2019)
1138,HK,Hong Kong,COSCO SHIPPING ENERGY TRAN-H,2019,646160064.0,9455418368,1.4516,0.561,110.5287,3.77,3119099.5,5266716672,0.9027,0.6404,-184685744.0,7406675968,50.03,562747968.0,1138 HK,Pre-COVID (≤2019)
1138,HK,Hong Kong,COSCO SHIPPING ENERGY TRAN-H,2020,938095488.0,10105382912,3.6765,0.7965,73.1252,4.73,4057641.5,4650924032,0.8766,3.6136,-798837952.0,7689034752,61.31,745985856.0,1138 HK,COVID (2020–2022)
1138,HK,Hong Kong,COSCO SHIPPING ENERGY TRAN-H,2021,504728672.0,9343612928,,0.4863,85.0975,4.65,3722473.0,4635964416,0.917,-7.9544,-453704480.0,6954334720,64.65,554289920.0,1138 HK,COVID (2020–2022)
1138,HK,Hong Kong,COSCO SHIPPING ENERGY TRAN-H,2022,592332096.0,9893377024,3.2892,0.7915,90.0063,5.2,7062883.5,5027062272,1.2513,2.289,-661704704.0,6959945728,64.65,614408896.0,1138 HK,COVID (2020–2022)
1138,HK,Hong Kong,COSCO SHIPPING ENERGY TRAN-H,2023,1161895552.0,10340476928,4.4768,1.0833,79.3898,6.04,7212198.5,4994682368,1.2186,4.7702,-808218816.0,7292919296,73.98,809562048.0,1138 HK,GenAI Era (2023+)
1138,HK,Hong Kong,COSCO SHIPPING ENERGY TRAN-H,2024,1107494272.0,11208102912,4.8049,0.9618,92.1755,6.21,6559790.5,5795895808,1.1405,5.2091,-1095049088.0,7656949248,77.95,798640576.0,1138 HK,GenAI Era (2023+)
1138,HK,Hong Kong,COSCO SHIPPING ENERGY TRAN-H,2025,949546304.0,13448655872,4.955,1.2885,65.384,,8565868.0,6119165952,0.9907,4.5929,-784357120.0,8062524416,,2211210496.0,1138 HK,GenAI Era (2023+)
116,HK,Hong Kong,CHOW SANG SANG HLDG,2017,13089513.0,1749819520,,3.9746,20.4648,,1635913.875,453776736,1.1942,6.7752,-26985556.0,140325632,,153593056.0,116 HK,Pre-COVID (≤2019)
116,HK,Hong Kong,CHOW SANG SANG HLDG,2018,118060208.0,1766813440,,3.9716,18.5802,,1005053.875,436543872,0.8159,7.3597,-43150164.0,152725920,,166304096.0,116 HK,Pre-COVID (≤2019)
116,HK,Hong Kong,CHOW SANG SANG HLDG,2019,85085736.0,2084480768,45.9878,2.9729,37.5325,,842748.375,719464512,0.7494,4.2796,-52932132.0,336147872,,132019464.0,116 HK,Pre-COVID (≤2019)
116,HK,Hong Kong,CHOW SANG SANG HLDG,2020,298556512.0,2170120960,37.9343,3.5365,17.3229,,768848.3125,620007616,0.64,3.2935,-30126496.0,276700800,,213287456.0,116 HK,COVID (2020–2022)
116,HK,Hong Kong,CHOW SANG SANG HLDG,2021,-89206264.0,2319815168,18.4952,3.3043,25.2309,3.86,946974.125,685514176,0.7032,3.6847,-53509092.0,310611360,49.18,86123504.0,116 HK,COVID (2020–2022)
116,HK,Hong Kong,CHOW SANG SANG HLDG,2022,7652325.0,2390614528,9.2248,2.7368,39.0896,3.79,897838.625,869121984,0.738,2.4623,-50159624.0,327907392,49.18,95957032.0,116 HK,COVID (2020–2022)
116,HK,Hong Kong,CHOW SANG SANG HLDG,2023,268512480.0,2452584448,12.6886,2.7104,37.515,4.6,778859.125,894420672,0.6805,5.3571,-55215392.0,343491424,63.7,140340816.0,116 HK,GenAI Era (2023+)
116,HK,Hong Kong,CHOW SANG SANG HLDG,2024,219598400.0,2529671936,10.5317,2.6302,40.602,4.8,562065.0625,935316224,0.5896,4.1518,-26747212.0,304088864,66.01,171972016.0,116 HK,GenAI Era (2023+)
116,HK,Hong Kong,CHOW SANG SANG HLDG,2025,73880024.0,3153008640,25.0695,2.3335,57.1957,,1052799.5,1294872704,0.7446,7.7726,-15765473.0,275636896,,125680960.0,116 HK,GenAI Era (2023+)
1164,HK,Hong Kong,CGN MINING CO LTD,2017,3094968.0,244649456,,10.7233,0.0,,532292.6875,15426955,2.2388,2.7425,0.0,2115766,,130193544.0,1164 HK,Pre-COVID (≤2019)
1164,HK,Hong Kong,CGN MINING CO LTD,2018,22380178.0,341475840,23.9784,3.3304,39.9014,,202262.9375,103430584,0.8952,5.3237,-7273.0,1846991,,143389600.0,1164 HK,Pre-COVID (≤2019)
1164,HK,Hong Kong,CGN MINING CO LTD,2019,-82568608.0,397392032,352.6407,4.6366,55.0743,,258461.4844,147784752,1.0223,5.5464,-10466.0,513018,,86888640.0,1164 HK,Pre-COVID (≤2019)
1164,HK,Hong Kong,CGN MINING CO LTD,2020,-42107600.0,540101760,6.6623,2.7293,96.722,,306466.0312,278670432,1.0834,4.2624,-67559.0,335195,,151477104.0,1164 HK,COVID (2020–2022)
1164,HK,Hong Kong,CGN MINING CO LTD,2021,31223124.0,814309056,5.0926,0.515,140.5118,1.71,660279.875,537909824,1.4714,3.3879,-50561.0,622892,36.76,10425521.0,1164 HK,COVID (2020–2022)
1164,HK,Hong Kong,CGN MINING CO LTD,2022,59297536.0,880027072,11.1726,1.1856,71.7886,2.28,789129.6875,450872000,1.409,7.7927,-75857.0,460028,48.44,6715203.0,1164 HK,COVID (2020–2022)
1164,HK,Hong Kong,CGN MINING CO LTD,2023,180586720.0,864256640,5.9405,1.5914,44.9831,2.46,1673773.375,367471392,2.3619,7.3017,-4598.0,223926,52.51,130238264.0,1164 HK,GenAI Era (2023+)
1164,HK,Hong Kong,CGN MINING CO LTD,2024,-60837212.0,1009602176,7.4587,0.9217,74.3922,2.64,1594952.5,504728672,2.0797,4.687,-7305.0,703297,54.56,148536768.0,1164 HK,GenAI Era (2023+)
1164,HK,Hong Kong,CGN MINING CO LTD,2025,-33720356.0,1119584640,6.0461,1.082,66.7322,,3017267.5,533361312,3.1714,5.4691,-8338.0,484076,,121318104.0,1164 HK,GenAI Era (2023+)
1167,HK,Hong Kong,JACOBIO PHARMACEUTICALS GROU,2018,-12047996.0,68851640,,23.6588,,,,82989168,,,-2432777.0,5130043,,61180928.0,1167 HK,Pre-COVID (≤2019)
1167,HK,Hong Kong,JACOBIO PHARMACEUTICALS GROU,2019,-15994443.0,52176668,,6.9571,,,,119683632,,-101.5173,-483886.0,4886980,,45141456.0,1167 HK,Pre-COVID (≤2019)
1167,HK,Hong Kong,JACOBIO PHARMACEUTICALS GROU,2020,11274806.0,286087456,,24.5722,0.5728,,1387298.875,12432590,4.968,-135.7126,-1470829.0,5228735,,249327120.0,1167 HK,COVID (2020–2022)
1167,HK,Hong Kong,JACOBIO PHARMACEUTICALS GROU,2021,-22863628.0,270894720,,20.2854,0.4158,3.28,1434588.25,13333019,5.345,-16.783,-1566975.0,6571955,48.85,241906672.0,1167 HK,COVID (2020–2022)
1167,HK,Hong Kong,JACOBIO PHARMACEUTICALS GROU,2022,-43820444.0,228256016,,8.5899,11.5237,3.22,517162.5625,42345256,2.4512,-22.5611,-2445333.0,29749224,48.85,188253856.0,1167 HK,COVID (2020–2022)
1167,HK,Hong Kong,JACOBIO PHARMACEUTICALS GROU,2023,-48671632.0,205666784,,5.6959,12.6981,3.03,366956.875,54513320,2.0493,-23.6642,-5342090.0,30924772,48.39,161641280.0,1167 HK,GenAI Era (2023+)
1167,HK,Hong Kong,JACOBIO PHARMACEUTICALS GROU,2024,-5407917.0,186202704,,4.8945,10.4009,3.43,128970.3672,59729292,1.0134,-11.0446,-1679253.0,20754036,51.07,160908976.0,1167 HK,GenAI Era (2023+)
1167,HK,Hong Kong,JACOBIO PHARMACEUTICALS GROU,2025,-26605696.0,186623168,,5.0986,20.701,,644097.4375,76361048,3.8588,-10.9616,-153109.0,18584796,,139309920.0,1167 HK,GenAI Era (2023+)
1171,HK,Hong Kong,YANKUANG ENERGY GROUP CO-H,2017,1825636608.0,30324531200,4.7726,1.0239,88.2868,2.46,8889137.0,18076286976,1.0529,4.559,-1070644352.0,15425017856,32.2,3238701056.0,1171 HK,Pre-COVID (≤2019)
1171,HK,Hong Kong,YANKUANG ENERGY GROUP CO-H,2018,2821757696.0,29948915712,5.7794,1.0878,78.8993,3.35,5352645.0,17294268416,0.8795,4.557,-1536829056.0,15051405312,38.81,3979492864.0,1171 HK,Pre-COVID (≤2019)
1171,HK,Hong Kong,YANKUANG ENERGY GROUP CO-H,2019,2468866816.0,30266906624,6.5352,0.9395,77.1664,3.2,6243080.0,18010163200,0.9495,4.7839,-1141876480.0,9050648576,36.88,3272819456.0,1171 HK,Pre-COVID (≤2019)
1171,HK,Hong Kong,YANKUANG ENERGY GROUP CO-H,2020,1114090240.0,41826398208,4.9461,0.5611,103.0078,3.66,6085888.0,27718785024,0.9334,2.815,-948157376.0,14020970496,46.08,2622328064.0,1171 HK,COVID (2020–2022)
1171,HK,Hong Kong,YANKUANG ENERGY GROUP CO-H,2021,4711312896.0,47506964480,6.0306,0.9239,96.7984,3.87,14787149.0,30522257408,1.0839,5.9551,-468242944.0,14335054848,50.43,6300214784.0,1171 HK,COVID (2020–2022)
1171,HK,Hong Kong,YANKUANG ENERGY GROUP CO-H,2022,6643956224.0,51648655360,9.0938,0.9186,72.7707,4.51,20636208.0,31440089088,1.1554,9.4903,-2703791104.0,18939738112,54.21,6981621248.0,1171 HK,COVID (2020–2022)
1171,HK,Hong Kong,YANKUANG ENERGY GROUP CO-H,2023,2513893632.0,49619705856,11.5425,0.7829,85.774,4.58,18217776.0,33091424256,1.2098,5.5504,-2400210176.0,19482466304,54.6,4274257664.0,1171 HK,GenAI Era (2023+)
1171,HK,Hong Kong,YANKUANG ENERGY GROUP CO-H,2024,4167636480.0,56147230720,10.2778,0.7632,82.5597,4.89,16274168.0,35748044800,1.1337,3.9948,-2534256384.0,22566428672,54.98,4313408000.0,1171 HK,GenAI Era (2023+)
1171,HK,Hong Kong,YANKUANG ENERGY GROUP CO-H,2025,2429894912.0,64668176384,5.4083,0.8468,77.2266,,16254320.0,40215998464,1.0341,2.1242,-2102718080.0,24879554560,,3816879872.0,1171 HK,GenAI Era (2023+)
1177,HK,Hong Kong,SINO BIOPHARMACEUTICAL,2017,691661760.0,3217504768,,2.4225,23.4017,3.49,13150159.0,1279341312,4.6472,11.0427,-156757168.0,656648512,42.09,567421888.0,1177 HK,Pre-COVID (≤2019)
1177,HK,Hong Kong,SINO BIOPHARMACEUTICAL,2018,829449024.0,7237073408,,1.9173,9.0884,3.43,8326013.5,1778103424,1.5608,25.5852,-234499600.0,1021511680,42.09,906451840.0,1177 HK,Pre-COVID (≤2019)
1177,HK,Hong Kong,SINO BIOPHARMACEUTICAL,2019,800748544.0,5387338240,,3.067,41.9037,3.31,17615740.0,2434587904,3.8713,6.327,-209869968.0,1096192000,43.73,1526726912.0,1177 HK,Pre-COVID (≤2019)
1177,HK,Hong Kong,SINO BIOPHARMACEUTICAL,2020,814978816.0,7232877568,25.7388,2.0829,65.3403,3.71,18244354.0,3798087936,3.1677,6.5414,-206637056.0,1285728000,47.55,1627680128.0,1177 HK,COVID (2020–2022)
1177,HK,Hong Kong,SINO BIOPHARMACEUTICAL,2021,1496906368.0,9525233664,112.421,1.5316,32.5222,3.85,13191944.0,3589357312,1.8846,27.1144,-265782704.0,1339825024,54.8,1510287232.0,1177 HK,COVID (2020–2022)
1177,HK,Hong Kong,SINO BIOPHARMACEUTICAL,2022,1088484096.0,9286562816,13.5684,1.287,27.7668,3.96,11020595.0,3786382080,1.7224,4.0825,-184890768.0,1341023232,48.97,1254574080.0,1177 HK,COVID (2020–2022)
1177,HK,Hong Kong,SINO BIOPHARMACEUTICAL,2023,933893120.0,8956911616,9.8637,1.053,32.9585,4.4,8352780.0,3581770240,1.4534,3.6531,-150794528.0,1395843072,58.39,1028259712.0,1177 HK,GenAI Era (2023+)
1177,HK,Hong Kong,SINO BIOPHARMACEUTICAL,2024,1160379776.0,8960745472,,1.2623,22.664,4.32,7741274.0,3100802560,1.3753,5.4256,-133354360.0,1409452288,59.01,853703424.0,1177 HK,GenAI Era (2023+)
1177,HK,Hong Kong,SINO BIOPHARMACEUTICAL,2025,1585687040.0,10875480064,,1.3677,38.1838,,14895005.0,4853828608,1.9661,3.3141,-172424944.0,1464194944,,1056630336.0,1177 HK,GenAI Era (2023+)
1186,HK,Hong Kong,CHINA RAILWAY CONSTRUCTION-H,2017,2439232768.0,126314020864,4.1695,1.2009,109.4,1.47,22102394.0,98857885696,1.0029,2.031,-4478611968.0,9143057408,25.0,20180164608.0,1186 HK,Pre-COVID (≤2019)
1186,HK,Hong Kong,CHINA RAILWAY CONSTRUCTION-H,2018,-737014848.0,133411438592,4.4621,1.099,120.7677,1.48,21053764.0,103268990976,0.9723,2.0621,-4892633600.0,9649565696,25.0,19297679360.0,1186 HK,Pre-COVID (≤2019)
1186,HK,Hong Kong,CHINA RAILWAY CONSTRUCTION-H,2019,4176438272.0,155274608640,4.5064,1.097,101.4515,1.47,19024620.0,117646213120,0.9655,2.0208,-4671627264.0,10587670528,26.17,20481615872.0,1186 HK,Pre-COVID (≤2019)
1186,HK,Hong Kong,CHINA RAILWAY CONSTRUCTION-H,2020,4115102976.0,190402134016,4.4941,1.1184,97.745,1.57,15058000.0,142351040512,0.9294,1.9271,-4553822208.0,12889751552,26.66,26641838080.0,1186 HK,COVID (2020–2022)
1186,HK,Hong Kong,CHINA RAILWAY CONSTRUCTION-H,2021,-3284297984.0,212861665280,4.7266,1.0917,92.6446,2.7,15474424.0,158348197888,0.9208,1.9024,-5097467392.0,14499292160,42.0,17265596416.0,1186 HK,COVID (2020–2022)
1186,HK,Hong Kong,CHINA RAILWAY CONSTRUCTION-H,2022,6192502272.0,220901867520,4.8893,1.0807,90.0319,3.1,14132429.0,164960075776,0.8734,1.8548,-4499908608.0,14012957696,49.4,20948525056.0,1186 HK,COVID (2020–2022)
1186,HK,Hong Kong,CHINA RAILWAY CONSTRUCTION-H,2023,1048011648.0,234188521472,4.2725,1.0668,92.0303,3.28,13558247.0,175449194496,0.8716,1.6377,-4931379200.0,14888098816,49.4,21494644736.0,1186 HK,GenAI Era (2023+)
1186,HK,Hong Kong,CHINA RAILWAY CONSTRUCTION-H,2024,-6642484224.0,255204884480,3.2427,1.0281,126.7595,3.31,15982777.0,197310152704,0.8864,1.2601,-5270928384.0,15269055488,49.4,22929504256.0,1186 HK,GenAI Era (2023+)
1186,HK,Hong Kong,CHINA RAILWAY CONSTRUCTION-H,2025,-2284660480.0,298153574400,2.5879,1.0275,157.7548,,14056334.0,237064912896,0.8681,0.9305,-6625541120.0,16956950528,,24796934144.0,1186 HK,GenAI Era (2023+)
119,HK,Hong Kong,POLY PROPERTY GROUP CO LTD,2017,994961984.0,16484068352,2.806,1.5731,139.988,,1907563.125,12539444224,0.896,1.963,-4405048.0,1679544576,,2678039808.0,119 HK,Pre-COVID (≤2019)
119,HK,Hong Kong,POLY PROPERTY GROUP CO LTD,2018,96330872.0,18981054464,2.5947,1.6558,169.5753,,1145369.875,14823932928,0.8593,1.6159,-15755413.0,2147900160,,2956114944.0,119 HK,Pre-COVID (≤2019)
119,HK,Hong Kong,POLY PROPERTY GROUP CO LTD,2019,-556055232.0,20449294336,3.7373,1.8048,184.4904,,1518354.25,15966530560,0.8702,2.4894,-5278038.0,2084348288,,3528057600.0,119 HK,Pre-COVID (≤2019)
119,HK,Hong Kong,POLY PROPERTY GROUP CO LTD,2020,-679315456.0,26507843584,2.4663,1.69,221.4,,1071964.25,21451161600,0.868,1.0307,-6447675.0,1844688128,,5541048320.0,119 HK,COVID (2020–2022)
119,HK,Hong Kong,POLY PROPERTY GROUP CO LTD,2021,-565744384.0,24785750016,3.1177,1.6542,182.6384,4.01,976262.3125,19893743616,0.8764,1.0327,-6366279.0,1697616256,46.0,3815049728.0,119 HK,COVID (2020–2022)
119,HK,Hong Kong,POLY PROPERTY GROUP CO LTD,2022,-1642980864.0,26034735104,2.5907,1.8329,192.1231,3.68,857129.9375,20678217728,0.8708,0.4118,-58672936.0,1753007360,47.02,3995710208.0,119 HK,COVID (2020–2022)
119,HK,Hong Kong,POLY PROPERTY GROUP CO LTD,2023,868713216.0,28982558720,2.405,1.7294,164.167,3.52,777876.375,22622982144,0.8612,0.7497,-4126637.0,1827804032,48.06,4454446592.0,119 HK,GenAI Era (2023+)
119,HK,Hong Kong,POLY PROPERTY GROUP CO LTD,2024,966314048.0,25580644352,2.9671,1.7961,151.4144,3.19,757575.875,19588227072,0.8575,0.086,-2271633.0,1622118784,48.78,4442434560.0,119 HK,GenAI Era (2023+)
119,HK,Hong Kong,POLY PROPERTY GROUP CO LTD,2025,616339584.0,26011912192,1.4522,2.0387,147.058,,981817.125,19181987840,0.8523,0.1222,-4763236.0,1927822592,,4446322176.0,119 HK,GenAI Era (2023+)
1193,HK,Hong Kong,CHINA RESOURCES GAS GROUP LT,2017,1062371520.0,8801992704,23.3696,0.7114,39.6079,3.05,8070704.5,5068222976,1.5971,5.6899,-579991232.0,3881417216,43.5,1325599488.0,1193 HK,Pre-COVID (≤2019)
1193,HK,Hong Kong,CHINA RESOURCES GAS GROUP LT,2018,1096761856.0,9393501184,,0.7308,28.2335,2.42,8802686.0,5357791744,1.6098,6.253,-748904640.0,4193582336,36.92,1326919168.0,1193 HK,Pre-COVID (≤2019)
1193,HK,Hong Kong,CHINA RESOURCES GAS GROUP LT,2019,1131414784.0,10504804352,39.7054,0.7749,22.9555,2.35,12220478.0,5905844736,1.8358,6.4911,-542735296.0,4681689088,36.92,1733487488.0,1193 HK,Pre-COVID (≤2019)
1193,HK,Hong Kong,CHINA RESOURCES GAS GROUP LT,2020,1153482880.0,12106583040,82.4794,0.7852,18.5649,3.71,12310643.0,6061938176,1.6304,5.8639,-603756416.0,5642339328,45.71,1733650560.0,1193 HK,COVID (2020–2022)
1193,HK,Hong Kong,CHINA RESOURCES GAS GROUP LT,2021,1132116608.0,13611581440,160.7168,0.6277,12.7408,3.78,13072429.0,6681455104,1.5717,6.3951,-756913856.0,6489634304,48.93,969919872.0,1193 HK,COVID (2020–2022)
1193,HK,Hong Kong,CHINA RESOURCES GAS GROUP LT,2022,546355072.0,14362467328,21.5726,0.6072,34.4949,3.37,8690488.0,7627977728,1.254,4.3389,-810804736.0,6575106048,46.07,825137984.0,1193 HK,COVID (2020–2022)
1193,HK,Hong Kong,CHINA RESOURCES GAS GROUP LT,2023,1245428608.0,17651791872,12.7748,0.6937,35.7257,3.67,7584402.0,9536706560,1.1339,4.1803,-681946432.0,8444151296,49.65,1277554560.0,1193 HK,GenAI Era (2023+)
1193,HK,Hong Kong,CHINA RESOURCES GAS GROUP LT,2024,4678218752.0,17055588352,13.1608,0.5474,35.9295,5.52,9160485.0,8820077568,1.2263,3.0243,-556695744.0,8705321984,56.24,969474112.0,1193 HK,GenAI Era (2023+)
1193,HK,Hong Kong,CHINA RESOURCES GAS GROUP LT,2025,836429632.0,17524254720,11.294,0.544,35.496,,6724517.5,8784651264,1.0599,2.6381,-417585632.0,9095094272,,988258944.0,1193 HK,GenAI Era (2023+)
1196,HK,Hong Kong,REALORD TECHNOLOGY CO LTD,2017,-8593482.0,278470112,5.6417,1.4346,57.4469,,817514.75,137154736,3.4437,4.9297,-1165842.0,185915152,,10086402.0,1196 HK,Pre-COVID (≤2019)
1196,HK,Hong Kong,REALORD TECHNOLOGY CO LTD,2018,-34672396.0,1458296448,2.2478,2.1549,261.7259,,922042.4375,1083889920,1.3803,5.3435,-1278332.0,1173025152,,115548376.0,1196 HK,Pre-COVID (≤2019)
1196,HK,Hong Kong,REALORD TECHNOLOGY CO LTD,2019,-33207710.0,1615435136,,3.7546,272.0724,,843811.8125,1202133376,1.336,-3.4621,-774080.0,1201217792,,75918448.0,1196 HK,Pre-COVID (≤2019)
1196,HK,Hong Kong,REALORD TECHNOLOGY CO LTD,2020,-99140296.0,2156318464,3.4102,3.5214,247.892,,829126.5,1587354624,1.1748,6.0417,-2960368.0,1585218176,,178989776.0,1196 HK,COVID (2020–2022)
1196,HK,Hong Kong,REALORD TECHNOLOGY CO LTD,2021,-112156336.0,2404281600,1.6814,6.3145,222.5166,2.66,1796521.625,1729029248,1.5268,0.6891,-6893501.0,1452103424,38.12,47897404.0,1196 HK,COVID (2020–2022)
1196,HK,Hong Kong,REALORD TECHNOLOGY CO LTD,2022,-260116608.0,2546839296,,1.4651,240.6286,2.66,1636142.125,1884797184,1.4606,0.595,-4799911.0,1192158976,38.12,38279092.0,1196 HK,COVID (2020–2022)
1196,HK,Hong Kong,REALORD TECHNOLOGY CO LTD,2023,-44559012.0,2622196736,1.8066,4.7296,243.4447,2.63,1010817.375,1969485824,1.2101,0.3801,-390863.0,1303004928,38.12,29525644.0,1196 HK,GenAI Era (2023+)
1196,HK,Hong Kong,REALORD TECHNOLOGY CO LTD,2024,-49605544.0,2444550656,,1.0007,289.4064,2.63,1372510.875,1920481920,1.4192,-4.4929,-353721.0,1205594496,38.12,15018989.0,1196 HK,GenAI Era (2023+)
1196,HK,Hong Kong,REALORD TECHNOLOGY CO LTD,2025,-58682304.0,2582859776,,3.9528,397.0988,,2484792.5,2145326720,1.8575,-4.5552,-648306.0,1235155584,,21618596.0,1196 HK,GenAI Era (2023+)
1199,HK,Hong Kong,COSCO SHIPPING PORTS LTD,2017,375624000.0,8954080256,16.3145,0.8259,41.1878,2.7,3181435.25,3108706048,0.7758,6.5113,-198483008.0,3259204096,69.5,560067008.0,1199 HK,Pre-COVID (≤2019)
1199,HK,Hong Kong,COSCO SHIPPING PORTS LTD,2018,372219008.0,9045451776,6.856,1.0968,43.4641,2.7,3060579.0,3225801984,0.7673,3.6066,-312824000.0,3319576064,68.29,543014976.0,1199 HK,Pre-COVID (≤2019)
1199,HK,Hong Kong,COSCO SHIPPING PORTS LTD,2019,497755008.0,10476518400,3.9077,1.2558,64.509,2.48,2589906.25,4711312896,0.7704,3.1556,-242462000.0,4063088128,66.45,927193984.0,1199 HK,Pre-COVID (≤2019)
1199,HK,Hong Kong,COSCO SHIPPING PORTS LTD,2020,449067008.0,11224344576,5.2851,1.8103,61.2893,3.08,2304635.0,4847118848,0.7108,3.2024,-224428000.0,4003843072,66.45,1310289024.0,1199 HK,COVID (2020–2022)
1199,HK,Hong Kong,COSCO SHIPPING PORTS LTD,2021,539139968.0,12033309696,5.1835,0.993,58.2916,3.44,2878429.75,5092670976,0.7446,3.0498,-376047008.0,5040688128,70.63,1226840960.0,1199 HK,COVID (2020–2022)
1199,HK,Hong Kong,COSCO SHIPPING PORTS LTD,2022,616241024.0,11326353408,4.0984,1.0168,55.6471,3.63,2734285.75,4687179776,0.7475,2.6253,-325552992.0,4854354944,68.64,1069316992.0,1199 HK,COVID (2020–2022)
1199,HK,Hong Kong,COSCO SHIPPING PORTS LTD,2023,584270976.0,11931881472,3.1701,0.9571,59.1179,4.81,2573244.75,5089355776,0.7269,2.7909,-346465984.0,5147723776,72.82,1162925952.0,1199 HK,GenAI Era (2023+)
1199,HK,Hong Kong,COSCO SHIPPING PORTS LTD,2024,534185984.0,12021386240,3.2633,1.1217,55.4336,5.22,2227474.75,4976138752,0.6855,2.5785,-435086016.0,5343421952,69.8,1007409984.0,1199 HK,GenAI Era (2023+)
1199,HK,Hong Kong,COSCO SHIPPING PORTS LTD,2025,735081024.0,12783428608,3.3275,0.8776,54.2295,,2848925.0,5240064000,0.7142,2.5168,-198288992.0,5418653184,,1332386944.0,1199 HK,GenAI Era (2023+)
12,HK,Hong Kong,HENDERSON LAND DEVELOPMENT,2017,262170112.0,52609089536,45.5353,2.4035,26.3641,1.78,26376232.0,14471410688,0.7895,8.0389,-3593129216.0,22252601344,45.13,3158224896.0,12 HK,Pre-COVID (≤2019)
12,HK,Hong Kong,HENDERSON LAND DEVELOPMENT,2018,802545664.0,56319553536,25.2107,2.1533,26.8969,1.82,21915832.0,15718955008,0.6792,7.313,-272278624.0,22610122752,45.13,2107581568.0,12 HK,Pre-COVID (≤2019)
12,HK,Hong Kong,HENDERSON LAND DEVELOPMENT,2019,1129276032.0,58445668352,11.5399,2.1761,28.3122,3.26,23774336.0,16670775296,0.702,3.7918,-455513792.0,23597160448,57.12,1378061952.0,12 HK,Pre-COVID (≤2019)
12,HK,Hong Kong,HENDERSON LAND DEVELOPMENT,2020,1206271744.0,59466706944,8.2631,2.2848,26.5485,3.21,18888010.0,16623676416,0.6071,2.2245,-330319392.0,24213344256,55.24,748932736.0,12 HK,COVID (2020–2022)
12,HK,Hong Kong,HENDERSON LAND DEVELOPMENT,2021,418251840.0,70574415872,9.0831,2.2005,28.4742,2.91,20613536.0,25408784384,0.6833,2.6093,-7056632832.0,34029752320,57.74,1403911552.0,12 HK,COVID (2020–2022)
12,HK,Hong Kong,HENDERSON LAND DEVELOPMENT,2022,1556210304.0,67906994176,4.1615,2.0631,25.5934,3.04,16910134.0,23666380800,0.63,1.7108,-406867392.0,34028353536,60.34,1447761408.0,12 HK,COVID (2020–2022)
12,HK,Hong Kong,HENDERSON LAND DEVELOPMENT,2023,1695527552.0,69463293952,2.6253,2.2307,27.0523,2.98,14907351.0,25407778816,0.6127,1.7273,-583484224.0,34584154112,60.92,2768417280.0,12 HK,GenAI Era (2023+)
12,HK,Hong Kong,HENDERSON LAND DEVELOPMENT,2024,1711958912.0,68390899712,1.771,2.5975,24.4453,3.12,14709210.0,24545617920,0.6087,1.1727,-360769920.0,35691905024,63.42,2306860544.0,12 HK,GenAI Era (2023+)
12,HK,Hong Kong,HENDERSON LAND DEVELOPMENT,2025,1452594432.0,69294440448,,3.0998,23.3932,,17502362.0,25500712960,0.6547,1.056,-477442304.0,36377522176,,2851783936.0,12 HK,GenAI Era (2023+)
1205,HK,Hong Kong,CITIC RESOURCES HOLDINGS LTD,2017,88336440.0,1809059584,3.4722,3.4087,117.7119,3.98,774477.4375,1047830464,0.999,3.7831,-4626924.0,530606464,49.72,179930624.0,1205 HK,Pre-COVID (≤2019)
1205,HK,Hong Kong,CITIC RESOURCES HOLDINGS LTD,2018,143617648.0,1746603392,4.7389,1.3833,102.7299,3.86,622020.75,973638208,0.9072,6.5096,-13975906.0,432481280,48.47,245291104.0,1205 HK,Pre-COVID (≤2019)
1205,HK,Hong Kong,CITIC RESOURCES HOLDINGS LTD,2019,110253224.0,1626355712,3.7651,1.434,83.0634,3.49,484222.9062,831312704,0.8041,4.5567,-30188350.0,432701696,47.6,204825792.0,1205 HK,Pre-COVID (≤2019)
1205,HK,Hong Kong,CITIC RESOURCES HOLDINGS LTD,2020,18260784.0,1583153664,,2.8519,84.974,2.86,298957.8438,839338752,0.7157,-2.9174,-48812488.0,494588768,48.5,298474912.0,1205 HK,COVID (2020–2022)
1205,HK,Hong Kong,CITIC RESOURCES HOLDINGS LTD,2021,162394544.0,1629206784,22.2048,2.2809,53.8284,3.22,483707.4688,741316608,0.7503,8.8343,-56371884.0,531782112,50.23,246947488.0,1205 HK,COVID (2020–2022)
1205,HK,Hong Kong,CITIC RESOURCES HOLDINGS LTD,2022,299776992.0,1594468736,59.8791,2.6554,34.0525,3.15,417980.2812,599084672,0.6395,10.6234,-65380244.0,499168256,50.23,273043424.0,1205 HK,COVID (2020–2022)
1205,HK,Hong Kong,CITIC RESOURCES HOLDINGS LTD,2023,156823520.0,1488284032,10.7317,1.7201,23.347,3.27,352111.8125,484337696,0.5689,4.5861,-52616792.0,555804416,50.23,189974656.0,1205 HK,GenAI Era (2023+)
1205,HK,Hong Kong,CITIC RESOURCES HOLDINGS LTD,2024,130472728.0,1631518080,95.4875,1.3438,24.4917,3.24,359114.4375,574181568,0.5823,4.7131,-50878552.0,523093440,50.23,261524896.0,1205 HK,GenAI Era (2023+)
1205,HK,Hong Kong,CITIC RESOURCES HOLDINGS LTD,2025,105394424.0,1876636672,,1.6313,38.943,,403793.8438,727478528,0.6134,1.251,,505783744,,452808992.0,1205 HK,GenAI Era (2023+)
1208,HK,Hong Kong,MMG LTD,2017,1960700032.0,14789600256,1.6458,1.1289,309.3243,3.86,3953540.0,11817799680,1.1855,0.98,-666899968.0,11982100480,51.61,936099968.0,1208 HK,Pre-COVID (≤2019)
1208,HK,Hong Kong,MMG LTD,2018,971900032.0,13255400448,1.3223,0.8926,280.7513,4.17,3464303.25,10359100416,1.1665,0.4871,-332100000.0,10897699840,49.9,601900032.0,1208 HK,Pre-COVID (≤2019)
1208,HK,Hong Kong,MMG LTD,2019,636000000.0,12665100288,,0.7045,290.866,4.09,2419786.5,9987200000,1.1111,-1.7777,-476300000.0,10534800384,49.9,217500000.0,1208 HK,Pre-COVID (≤2019)
1208,HK,Hong Kong,MMG LTD,2020,977500032.0,12298000384,-0.6327,0.7651,274.4953,3.84,3505224.5,9628300288,1.209,-0.5184,-514600000.0,10198700032,49.71,192700000.0,1208 HK,COVID (2020–2022)
1208,HK,Hong Kong,MMG LTD,2021,2263000064.0,13024100352,4.7828,1.3262,163.6762,4.48,2769838.5,9096099840,1.0644,5.2689,-569699968.0,9867700224,57.47,1255299968.0,1208 HK,COVID (2020–2022)
1208,HK,Hong Kong,MMG LTD,2022,545200000.0,12535499776,2.2554,0.8489,131.283,4.8,2214842.25,8306999808,1.006,1.349,-564499968.0,9620599808,57.13,372200000.0,1208 HK,COVID (2020–2022)
1208,HK,Hong Kong,MMG LTD,2023,1456000000.0,11900800000,1.0415,0.6338,112.5858,4.74,2560042.75,7588800000,1.0367,0.0737,-790000000.0,9535200256,60.65,447000000.0,1208 HK,GenAI Era (2023+)
1208,HK,Hong Kong,MMG LTD,2024,1209400064.0,14985900032,1.7906,0.7628,76.0851,4.69,3997357.75,8707399680,1.0386,1.2043,-905200000.0,11842499584,58.43,192700000.0,1208 HK,GenAI Era (2023+)
1208,HK,Hong Kong,MMG LTD,2025,2445799936.0,15300500480,5.2639,0.858,55.3428,,13678548.0,8400600064,1.6352,3.3639,-1079600000.0,11473800192,,328600000.0,1208 HK,GenAI Era (2023+)
1209,HK,Hong Kong,CHINA RESOURCES MIXC LIFESTY,2017,79319312.0,596429696,25.7003,0.8734,413.0956,,,548101312,,,-29348968.0,290075616,,134750032.0,1209 HK,Pre-COVID (≤2019)
1209,HK,Hong Kong,CHINA RESOURCES MIXC LIFESTY,2018,164137568.0,834718912,10.8063,0.9118,193.3335,,,737800128,,8.7903,-27792512.0,344519296,,192084032.0,1209 HK,Pre-COVID (≤2019)
1209,HK,Hong Kong,CHINA RESOURCES MIXC LIFESTY,2019,57322676.0,1019800384,9.8477,0.9969,126.4613,,,871656640,,5.683,-10998053.0,354311392,,190963760.0,1209 HK,Pre-COVID (≤2019)
1209,HK,Hong Kong,CHINA RESOURCES MIXC LIFESTY,2020,160099216.0,2922532352,20.8956,3.2306,15.2787,,10582802.0,1013133056,3.9678,6.2475,-29976730.0,399587104,,1636140160.0,1209 HK,COVID (2020–2022)
1209,HK,Hong Kong,CHINA RESOURCES MIXC LIFESTY,2021,400406080.0,3397039360,,2.6369,15.5498,3.8,10640446.0,1211890432,3.4891,8.483,-39450676.0,454748992,57.28,2191116800.0,1209 HK,COVID (2020–2022)
1209,HK,Hong Kong,CHINA RESOURCES MIXC LIFESTY,2022,326441696.0,3745374720,,1.9701,16.7651,4.27,11600180.0,1668760320,3.5445,9.3027,-16983346.0,585286464,57.28,1844255488.0,1209 HK,COVID (2020–2022)
1209,HK,Hong Kong,CHINA RESOURCES MIXC LIFESTY,2023,477852288.0,3912505088,,2.3404,15.0854,4.21,8138635.5,1654288256,2.5061,10.9238,-60984184.0,626938816,56.81,1640113280.0,1209 HK,GenAI Era (2023+)
1209,HK,Hong Kong,CHINA RESOURCES MIXC LIFESTY,2024,673629504.0,3992388352,,1.8189,13.8279,5.91,8492121.0,1705171840,2.5609,12.6409,-49633940.0,666219136,81.47,1328704256.0,1209 HK,GenAI Era (2023+)
1209,HK,Hong Kong,CHINA RESOURCES MIXC LIFESTY,2025,574124672.0,4156607744,,1.4334,14.1134,,12591445.0,1911148928,3.497,13.6409,-26740016.0,768763072,,812953344.0,1209 HK,GenAI Era (2023+)
1211,HK,Hong Kong,BYD CO LTD-H,2017,585535680.0,27371698176,3.1424,0.9793,94.2518,2.3,26102768.0,18156967936,1.6667,2.5166,-1222308480.0,8249277440,32.56,1224715776.0,1211 HK,Pre-COVID (≤2019)
1211,HK,Hong Kong,BYD CO LTD-H,2018,1407390848.0,28286846976,2.0835,0.9883,141.4202,2.33,19276134.0,19463122944,1.4179,1.492,-2699412736.0,8692126720,32.48,1621146624.0,1211 HK,Pre-COVID (≤2019)
1211,HK,Hong Kong,BYD CO LTD-H,2019,1608572928.0,28095698944,1.6841,0.9902,122.5948,2.77,16976126.0,19105634304,1.3366,0.8275,-1494996864.0,8980816896,40.61,1536391808.0,1211 HK,Pre-COVID (≤2019)
1211,HK,Hong Kong,BYD CO LTD-H,2020,6087721984.0,30796869632,2.9875,1.0486,81.1159,2.93,77952432.0,20922204160,3.2537,2.135,-900055296.0,10070127616,40.8,1996562944.0,1211 HK,COVID (2020–2022)
1211,HK,Hong Kong,BYD CO LTD-H,2021,9881933824.0,46534848512,3.7019,0.9697,40.985,3.1,114025096.0,30134192128,3.1289,1.2259,-5790272512.0,14589446144,41.54,7838117888.0,1211 HK,COVID (2020–2022)
1211,HK,Hong Kong,BYD CO LTD-H,2022,20753559552.0,71588528128,,0.7224,20.7243,3.26,94645072.0,53992230912,2.0973,4.2101,-14492488704.0,28647766016,45.79,7436884480.0,1211 HK,COVID (2020–2022)
1211,HK,Hong Kong,BYD CO LTD-H,2023,23903430656.0,95694766080,,0.666,33.8553,3.52,80695120.0,74506502144,1.639,5.1203,-17241651200.0,42803732480,46.9,15345333248.0,1211 HK,GenAI Era (2023+)
1211,HK,Hong Kong,BYD CO LTD-H,2024,18514780160.0,107317837824,,0.7471,21.5632,3.61,107824104.0,80098041856,3.7967,5.5033,-13522885632.0,44446253056,49.47,14047000576.0,1211 HK,GenAI Era (2023+)
1211,HK,Hong Kong,BYD CO LTD-H,2025,8395631104.0,126444019712,335.8503,0.793,56.7093,,121094456.0,89452249088,1.6258,3.9133,-21826154496.0,55327510528,,9833483264.0,1211 HK,GenAI Era (2023+)
123,HK,Hong Kong,YUEXIU PROPERTY CO LTD,2017,-653695104.0,20462370816,3.4357,1.8322,129.1107,3.37,2317615.5,14777627648,0.87,1.7487,-49821308.0,2447108864,50.52,2559715328.0,123 HK,Pre-COVID (≤2019)
123,HK,Hong Kong,YUEXIU PROPERTY CO LTD,2018,1589918976.0,24543213568,3.048,1.84,127.1299,3.66,2280059.5,18304686080,0.8925,1.8068,-36719048.0,1899811200,49.45,3196992256.0,123 HK,Pre-COVID (≤2019)
123,HK,Hong Kong,YUEXIU PROPERTY CO LTD,2019,977406784.0,33704404992,3.4888,1.7308,129.9103,3.81,3577787.75,25778417664,0.9326,1.7265,-42164968.0,3955303936,49.45,3461748736.0,123 HK,Pre-COVID (≤2019)
123,HK,Hong Kong,YUEXIU PROPERTY CO LTD,2020,2381801216.0,40322957312,3.3697,1.6083,106.6602,4.21,3114946.0,30475530240,0.911,1.7063,-95906352.0,4524898816,49.45,4322481664.0,123 HK,COVID (2020–2022)
123,HK,Hong Kong,YUEXIU PROPERTY CO LTD,2021,-667537792.0,49378533376,3.091,1.4391,102.7413,4.02,2728137.75,37678473216,0.9079,1.2439,-197289824.0,3790076160,50.9,5155119616.0,123 HK,COVID (2020–2022)
123,HK,Hong Kong,YUEXIU PROPERTY CO LTD,2022,646160064.0,50206126080,2.8132,1.5908,105.1858,3.89,3750658.25,37914828800,0.9378,1.1976,-173424128.0,4136660736,52.38,3166795776.0,123 HK,COVID (2020–2022)
123,HK,Hong Kong,YUEXIU PROPERTY CO LTD,2023,1248913536.0,56494497792,2.4692,1.6096,102.9363,4.02,3277789.0,42101325824,0.9194,0.8522,-48391036.0,4104953600,54.16,4121169664.0,123 HK,GenAI Era (2023+)
123,HK,Hong Kong,YUEXIU PROPERTY CO LTD,2024,3064111616.0,56231059456,1.5303,1.5454,100.5739,4.25,2637750.0,41972465664,0.9123,0.2563,-51687104.0,4092798208,54.16,4072706816.0,123 HK,GenAI Era (2023+)
123,HK,Hong Kong,YUEXIU PROPERTY CO LTD,2025,1959620480.0,52903071744,1.0228,1.6352,99.693,,2047888.125,37760581632,0.8905,0.0141,-33485740.0,4288507904,,6488913920.0,123 HK,GenAI Era (2023+)
1234,HK,Hong Kong,CHINA LILANG LTD,2017,81706392.0,583331200,,4.9291,0.0,,966990.5,100485656,1.83,15.2204,-32919592.0,82237384,,280215936.0,1234 HK,Pre-COVID (≤2019)
1234,HK,Hong Kong,CHINA LILANG LTD,2018,77352784.0,641478656,,3.513,0.0,,1009090.75,147205344,1.8025,18.304,-28482858.0,116579200,,267914512.0,1234 HK,Pre-COVID (≤2019)
1234,HK,Hong Kong,CHINA LILANG LTD,2019,95145848.0,655330304,,3.7751,0.0149,,977764.625,137439760,1.7017,18.0972,-19220060.0,122554784,,251401472.0,1234 HK,Pre-COVID (≤2019)
1234,HK,Hong Kong,CHINA LILANG LTD,2020,117912784.0,767770432,,2.809,3.392,,816990.0,208031936,1.3351,11.6399,-32643168.0,184326208,,266413472.0,1234 HK,COVID (2020–2022)
1234,HK,Hong Kong,CHINA LILANG LTD,2021,96632232.0,787865856,,2.5942,6.3666,1.05,669578.0,209934704,1.1163,9.3447,-46847676.0,234360688,26.51,247261536.0,1234 HK,COVID (2020–2022)
1234,HK,Hong Kong,CHINA LILANG LTD,2022,102711272.0,794030848,,1.9261,15.0295,1.05,577123.375,245770160,1.0364,8.5463,-56290248.0,212085200,31.04,139175200.0,1234 HK,COVID (2020–2022)
1234,HK,Hong Kong,CHINA LILANG LTD,2023,156539216.0,915713984,,1.65,31.9421,1.09,648523.9375,357020800,1.0981,8.8549,-18600228.0,203156656,31.04,151696192.0,1234 HK,GenAI Era (2023+)
1234,HK,Hong Kong,CHINA LILANG LTD,2024,74657176.0,938929664,,1.8716,32.5265,1.82,595065.6875,383376320,1.0464,6.9049,-15667056.0,195075072,35.96,113294240.0,1234 HK,GenAI Era (2023+)
1234,HK,Hong Kong,CHINA LILANG LTD,2025,84779920.0,1004887296,,1.8603,22.2576,,515368.1875,386403968,0.9142,7.2414,-19164436.0,205720624,,159891408.0,1234 HK,GenAI Era (2023+)
1258,HK,Hong Kong,CHINA NONFERROUS MINING CORP,2017,304699008.0,2803196928,7.1196,1.9769,121.9841,,973605.5,1763112960,1.0665,5.4435,-205868000.0,1021166016,,899984000.0,1258 HK,Pre-COVID (≤2019)
1258,HK,Hong Kong,CHINA NONFERROUS MINING CORP,2018,155756000.0,2833005056,4.9199,1.5156,81.9465,,873127.6875,1536450048,0.9876,5.19,-356094016.0,1295448960,,505091008.0,1258 HK,Pre-COVID (≤2019)
1258,HK,Hong Kong,CHINA NONFERROUS MINING CORP,2019,312331008.0,3315531008,4.3954,1.7962,79.5,,815237.1875,1779454976,0.9401,4.3872,-408136000.0,1791819008,,481209984.0,1258 HK,Pre-COVID (≤2019)
1258,HK,Hong Kong,CHINA NONFERROUS MINING CORP,2020,432316000.0,3533359104,4.7989,1.2455,65.2003,,989963.375,1874417024,0.9655,3.6492,-142418000.0,1871079040,,497828992.0,1258 HK,COVID (2020–2022)
1258,HK,Hong Kong,CHINA NONFERROUS MINING CORP,2021,502043008.0,4163984128,16.0915,2.3748,40.8052,3.48,1486503.625,1992099968,0.9781,9.2791,-204500992.0,1837250048,38.85,606745984.0,1258 HK,COVID (2020–2022)
1258,HK,Hong Kong,CHINA NONFERROUS MINING CORP,2022,751006016.0,4021016064,14.4321,1.9986,23.0184,3.96,1921829.125,1688080000,1.0644,6.5063,-50142000.0,1711904000,45.08,732923008.0,1258 HK,COVID (2020–2022)
1258,HK,Hong Kong,CHINA NONFERROUS MINING CORP,2023,558160000.0,3819513088,19.5522,1.8664,7.1454,3.97,2455797.75,1332909952,1.1606,7.0823,-157020992.0,1617790976,46.79,492364000.0,1258 HK,GenAI Era (2023+)
1258,HK,Hong Kong,CHINA NONFERROUS MINING CORP,2024,763376000.0,4154406912,,2.7562,1.5771,4.28,2632268.0,1125314944,1.0922,9.9951,-211271008.0,1577383936,49.93,1018662016.0,1258 HK,GenAI Era (2023+)
1258,HK,Hong Kong,CHINA NONFERROUS MINING CORP,2025,977793984.0,4803260928,,2.7841,2.6475,,7394112.5,1390690944,2.0218,9.0271,-242040000.0,1732436992,,1476211968.0,1258 HK,GenAI Era (2023+)
1268,HK,Hong Kong,CHINA MEIDONG AUTO HOLDINGS,2017,41875184.0,457007232,9.1835,1.1316,74.6939,,343757.5625,288932032,1.3972,9.9106,-26439672.0,119672648,,43134616.0,1268 HK,Pre-COVID (≤2019)
1268,HK,Hong Kong,CHINA MEIDONG AUTO HOLDINGS,2018,39681652.0,606893376,13.2167,1.1515,83.73,,435955.3125,403326304,1.3879,10.1545,-46573460.0,141810432,,126018896.0,1268 HK,Pre-COVID (≤2019)
1268,HK,Hong Kong,CHINA MEIDONG AUTO HOLDINGS,2019,131298440.0,850865984,8.8626,1.1902,108.6603,,1519601.875,596773440,2.4971,10.9078,-62068436.0,267230800,,161399888.0,1268 HK,Pre-COVID (≤2019)
1268,HK,Hong Kong,CHINA MEIDONG AUTO HOLDINGS,2020,171799408.0,1190456704,10.9958,1.6695,66.0515,,5055962.5,678050944,4.8318,10.9608,-48683296.0,368645824,,388839008.0,1268 HK,COVID (2020–2022)
1268,HK,Hong Kong,CHINA MEIDONG AUTO HOLDINGS,2021,282306944.0,1542246528,16.1281,1.3604,62.7041,2.54,6425445.5,894586304,4.7688,13.2662,-56262548.0,464156800,41.41,412476352.0,1268 HK,COVID (2020–2022)
1268,HK,Hong Kong,CHINA MEIDONG AUTO HOLDINGS,2022,170684816.0,2064100352,4.3367,1.2082,75.8394,2.44,2621312.0,1421393152,1.9412,4.3343,-42142140.0,525968320,41.41,237095200.0,1268 HK,COVID (2020–2022)
1268,HK,Hong Kong,CHINA MEIDONG AUTO HOLDINGS,2023,116850672.0,2002535680,3.0916,1.4329,53.4994,2.3,818717.4375,1258134656,1.0254,0.9853,-49105312.0,474404320,41.41,332573504.0,1268 HK,GenAI Era (2023+)
1268,HK,Hong Kong,CHINA MEIDONG AUTO HOLDINGS,2024,131532320.0,1572912128,,1.0478,78.5291,3.03,400354.1562,1167840128,1.0077,-17.618,-15405098.0,407891328,50.97,362295392.0,1268 HK,GenAI Era (2023+)
1268,HK,Hong Kong,CHINA MEIDONG AUTO HOLDINGS,2025,65088928.0,1075089920,,1.1721,102.6866,,219650.0469,769481600,0.9353,-7.9493,-19673594.0,377358752,,104822512.0,1268 HK,GenAI Era (2023+)
1269,HK,Hong Kong,CHINA FIRST CAPITAL GROUP LT,2017,-103584192.0,1437997568,,1.7073,103.866,3.64,1846837.625,905963520,1.9455,-3.6034,-19366574.0,173904432,50.95,105503096.0,1269 HK,Pre-COVID (≤2019)
1269,HK,Hong Kong,CHINA FIRST CAPITAL GROUP LT,2018,-33219058.0,1424701952,,1.1647,111.9345,3.64,2856115.75,939105920,2.7228,-14.4788,-17603896.0,173158096,51.39,44045360.0,1269 HK,Pre-COVID (≤2019)
1269,HK,Hong Kong,CHINA FIRST CAPITAL GROUP LT,2019,-13985926.0,834734912,,0.8083,255.7115,3.72,174249.0625,682503488,1.0947,-28.0268,-29227754.0,187002032,51.39,33260476.0,1269 HK,Pre-COVID (≤2019)
1269,HK,Hong Kong,CHINA FIRST CAPITAL GROUP LT,2020,37481756.0,682562944,,0.7518,446.0128,3.78,75853.6406,602690752,1.0677,-7.2795,-15223178.0,183002512,51.39,31782540.0,1269 HK,COVID (2020–2022)
1269,HK,Hong Kong,CHINA FIRST CAPITAL GROUP LT,2021,-18205654.0,480831648,,0.6224,,4.36,37436.1523,604833024,1.3445,-25.7802,-2524743.0,97018456,67.01,34669688.0,1269 HK,COVID (2020–2022)
1269,HK,Hong Kong,CHINA FIRST CAPITAL GROUP LT,2022,12246592.0,398805280,,0.5884,,4.61,16118.8184,547654592,1.4347,-14.4896,-7375258.0,88146144,67.01,23389672.0,1269 HK,COVID (2020–2022)
1269,HK,Hong Kong,CHINA FIRST CAPITAL GROUP LT,2023,-21448568.0,395328672,,0.52,,4.73,9700.6631,594987200,1.5479,-12.4916,-5343502.0,85940688,67.01,24166762.0,1269 HK,GenAI Era (2023+)
1269,HK,Hong Kong,CHINA FIRST CAPITAL GROUP LT,2024,-27231678.0,423012576,,0.4786,,4.81,13560.7715,683787968,1.6401,-13.3394,-13682370.0,81886728,67.01,20191248.0,1269 HK,GenAI Era (2023+)
1269,HK,Hong Kong,CHINA FIRST CAPITAL GROUP LT,2025,-12031761.0,568310080,,0.5543,,,12582.8945,871240768,1.5578,-9.6797,-15368156.0,90313344,,41991244.0,1269 HK,GenAI Era (2023+)
1270,HK,Hong Kong,LANGHAM HOSPITALITY INV -SS,2017,59690476.0,2511154944,13.021,1.7904,54.4401,,914251.5,922497472,0.7315,5.9626,-15336502.0,2479811072,,12938059.0,1270 HK,Pre-COVID (≤2019)
1270,HK,Hong Kong,LANGHAM HOSPITALITY INV -SS,2018,61335540.0,2600317184,7.125,0.62,53.552,,781156.8125,945786496,0.6642,4.48,-30952616.0,2576162304,,11092796.0,1270 HK,Pre-COVID (≤2019)
1270,HK,Hong Kong,LANGHAM HOSPITALITY INV -SS,2019,45583288.0,2261085440,,0.2286,71.1631,,647053.8125,978567616,0.719,-13.8748,-12982079.0,2246878208,,9722693.0,1270 HK,Pre-COVID (≤2019)
1270,HK,Hong Kong,LANGHAM HOSPITALITY INV -SS,2020,1648374.0,1944823552,,0.5365,78.5706,,424271.0,896343808,0.679,-17.3305,-5065671.0,1909473408,,28065698.0,1270 HK,COVID (2020–2022)
1270,HK,Hong Kong,LANGHAM HOSPITALITY INV -SS,2021,11617006.0,1874007808,,0.4766,80.7311,2.8,349139.8438,873714624,0.6525,-2.3344,-8730670.0,1847850112,42.8,22979416.0,1270 HK,COVID (2020–2022)
1270,HK,Hong Kong,LANGHAM HOSPITALITY INV -SS,2022,27867862.0,1925558656,4.5494,0.0516,77.2993,3.12,465740.3125,879510592,0.6986,2.8315,-8069026.0,1882543488,42.8,31422510.0,1270 HK,COVID (2020–2022)
1270,HK,Hong Kong,LANGHAM HOSPITALITY INV -SS,2023,37866440.0,2027377152,3.8864,0.027,65.8406,2.88,284695.4375,850686784,0.56,7.0019,-7076407.0,2005341952,45.3,15685863.0,1270 HK,GenAI Era (2023+)
1270,HK,Hong Kong,LANGHAM HOSPITALITY INV -SS,2024,15200396.0,2090495744,,3.8265,64.8835,2.68,209963.6562,867172160,0.5153,1.445,-6574343.0,2046411136,47.07,37772056.0,1270 HK,GenAI Era (2023+)
1270,HK,Hong Kong,LANGHAM HOSPITALITY INV -SS,2025,19531648.0,2094527744,1.3122,4.8722,64.8154,,221968.25,870426624,0.5215,0.3328,-4255804.0,2042110976,,38873960.0,1270 HK,GenAI Era (2023+)
1274,HK,Hong Kong,IMOTION AUTOMOTIVE TECHNOL-H,2020,-3588137.0,16426492,,1.3117,,,,34252972,,,-421315.0,3612881,,2545042.0,1274 HK,COVID (2020–2022)
1274,HK,Hong Kong,IMOTION AUTOMOTIVE TECHNOL-H,2021,-9946553.0,81261152,,2.8492,,,,169103376,,-148.8478,-5910345.0,8511037,,4910086.0,1274 HK,COVID (2020–2022)
1274,HK,Hong Kong,IMOTION AUTOMOTIVE TECHNOL-H,2022,-9806017.0,181399264,,2.0185,30.0726,,,84790248,,-38.7324,-3633946.0,9873308,,52896240.0,1274 HK,COVID (2020–2022)
1274,HK,Hong Kong,IMOTION AUTOMOTIVE TECHNOL-H,2023,-37130268.0,235530896,,2.958,20.3757,4.32,976536.0625,77288912,2.1894,-13.3455,-10099400.0,18127640,57.45,101412016.0,1274 HK,GenAI Era (2023+)
1274,HK,Hong Kong,IMOTION AUTOMOTIVE TECHNOL-H,2024,-57257248.0,213842512,,2.4137,35.2588,4.02,460463.0312,90130424,2.6792,-17.8346,-25048510.0,46918512,57.45,20154260.0,1274 HK,GenAI Era (2023+)
1274,HK,Hong Kong,IMOTION AUTOMOTIVE TECHNOL-H,2025,-25681890.0,248382768,,2.1015,55.0525,,225949.5781,123822384,1.4087,-25.2254,-26701876.0,66334436,,37300796.0,1274 HK,GenAI Era (2023+)
1277,HK,Hong Kong,KINETIC DEVELOPMENT GROUP LT,2017,103107160.0,410636896,15.3035,0.5476,72.2579,,366883.0,209548624,1.4037,22.0773,-11363859.0,193053776,,45846744.0,1277 HK,Pre-COVID (≤2019)
1277,HK,Hong Kong,KINETIC DEVELOPMENT GROUP LT,2018,159224816.0,400523648,36.7534,0.8625,26.6364,,495109.9375,142327840,1.5915,29.7397,-15692774.0,174554912,,40102640.0,1277 HK,Pre-COVID (≤2019)
1277,HK,Hong Kong,KINETIC DEVELOPMENT GROUP LT,2019,124109648.0,446013440,90.6996,1.231,15.8333,,405850.4062,121622624,1.1826,28.4366,-13764687.0,185633168,,71400752.0,1277 HK,Pre-COVID (≤2019)
1277,HK,Hong Kong,KINETIC DEVELOPMENT GROUP LT,2020,179969328.0,562668544,,1.9985,7.6243,,478378.0625,139865488,1.0988,24.0409,-12452571.0,189836064,,134474960.0,1277 HK,COVID (2020–2022)
1277,HK,Hong Kong,KINETIC DEVELOPMENT GROUP LT,2021,478268576.0,950616128,,2.3137,6.0796,2.89,562180.1875,231300480,0.8341,50.8216,-28025372.0,200297824,31.26,375582368.0,1277 HK,COVID (2020–2022)
1277,HK,Hong Kong,KINETIC DEVELOPMENT GROUP LT,2022,460265536.0,1376024320,117.2172,0.8881,15.4895,3.02,648320.25,460361664,0.8044,34.3039,-121445496.0,265740592,31.26,79996808.0,1277 HK,COVID (2020–2022)
1277,HK,Hong Kong,KINETIC DEVELOPMENT GROUP LT,2023,233852016.0,1540290944,30.9691,0.8387,17.6772,3.0,593616.375,495369088,0.7118,20.3404,-69196784.0,362153856,31.26,103382952.0,1277 HK,GenAI Era (2023+)
1277,HK,Hong Kong,KINETIC DEVELOPMENT GROUP LT,2024,325311456.0,1779697792,59.2803,0.9541,11.5517,3.12,1399989.75,646077632,1.1532,17.634,-63082968.0,495671296,34.31,86299832.0,1277 HK,GenAI Era (2023+)
1277,HK,Hong Kong,KINETIC DEVELOPMENT GROUP LT,2025,150376752.0,1947080320,21.137,0.9388,11.2935,,1451226.25,772034752,1.1458,6.7356,-37430816.0,548825472,,11673320.0,1277 HK,GenAI Era (2023+)
1280,HK,Hong Kong,CHINA QIDIAN GUOFENG HOLDING,2017,-33410548.0,156066048,,0.6622,,,202837.7344,186359904,2.5221,-49.1618,-1461611.0,32446094,,8682742.0,1280 HK,Pre-COVID (≤2019)
1280,HK,Hong Kong,CHINA QIDIAN GUOFENG HOLDING,2018,-46514456.0,87502360,,0.888,,,115034.8281,112347752,2.6364,-19.8757,-2981060.0,32846260,,6989169.0,1280 HK,Pre-COVID (≤2019)
1280,HK,Hong Kong,CHINA QIDIAN GUOFENG HOLDING,2019,-248893.0,68308728,,0.3222,,,46593.7812,108489960,2.3181,-20.2009,-54296.0,32578482,,3400207.0,1280 HK,Pre-COVID (≤2019)
1280,HK,Hong Kong,CHINA QIDIAN GUOFENG HOLDING,2020,-719310.0,63528620,,0.5508,,,28044.9863,110327704,2.2287,-18.6929,-117080.0,29130408,,5585396.0,1280 HK,COVID (2020–2022)
1280,HK,Hong Kong,CHINA QIDIAN GUOFENG HOLDING,2021,986763.0,56713080,,0.3328,,1.91,19966.4785,109086544,2.3278,-15.4904,-125749.0,30616258,43.44,2299995.0,1280 HK,COVID (2020–2022)
1280,HK,Hong Kong,CHINA QIDIAN GUOFENG HOLDING,2022,-4702106.0,34563100,,0.3779,,1.71,34009.0625,102796656,4.0327,-45.6719,-6394.0,14954484,43.44,1211695.0,1280 HK,COVID (2020–2022)
1280,HK,Hong Kong,CHINA QIDIAN GUOFENG HOLDING,2023,6209584.0,44170280,3.6026,1.0831,,3.07,59518.2266,102766296,3.7268,20.2333,-16381.0,3093421,45.75,22855432.0,1280 HK,GenAI Era (2023+)
1280,HK,Hong Kong,CHINA QIDIAN GUOFENG HOLDING,2024,-6450193.0,81668496,,0.5323,66.6339,3.2,583490.4375,52864480,4.1565,-488.3942,-154313.0,3679891,45.75,3791545.0,1280 HK,GenAI Era (2023+)
1280,HK,Hong Kong,CHINA QIDIAN GUOFENG HOLDING,2025,-6054645.0,71548272,,0.8041,68.6716,,813827.0,52025728,11.3559,-76.3356,-288542.0,2383712,,5172340.0,1280 HK,GenAI Era (2023+)
1286,HK,Hong Kong,IMPRO PRECISION INDUSTRIES L,2017,97057224.0,682788032,,1.0168,74.8836,,,359058400,,8.0784,-42458468.0,343686880,,30629008.0,1286 HK,Pre-COVID (≤2019)
1286,HK,Hong Kong,IMPRO PRECISION INDUSTRIES L,2018,100435464.0,710909696,,1.0586,71.9146,,,368198976,,7.5142,-62627400.0,361468928,,29793416.0,1286 HK,Pre-COVID (≤2019)
1286,HK,Hong Kong,IMPRO PRECISION INDUSTRIES L,2019,116703040.0,765706624,11.3632,1.7741,26.8754,,773705.125,248714240,1.3378,9.3452,-58542776.0,377659456,,80314792.0,1286 HK,Pre-COVID (≤2019)
1286,HK,Hong Kong,IMPRO PRECISION INDUSTRIES L,2020,112088896.0,731559744,,2.1193,21.1698,,607224.625,211434288,1.1225,-2.547,-62526676.0,423276640,,77638416.0,1286 HK,COVID (2020–2022)
1286,HK,Hong Kong,IMPRO PRECISION INDUSTRIES L,2021,51601164.0,903147008,20.0339,1.7357,35.2756,2.87,446822.1562,341507904,0.8762,6.0211,-123760736.0,516133888,50.1,74249952.0,1286 HK,COVID (2020–2022)
1286,HK,Hong Kong,IMPRO PRECISION INDUSTRIES L,2022,99902160.0,995032384,13.3115,1.6294,50.1571,2.96,535898.5,431309472,0.9748,7.8613,-81075160.0,525145536,54.67,61946240.0,1286 HK,COVID (2020–2022)
1286,HK,Hong Kong,IMPRO PRECISION INDUSTRIES L,2023,148919920.0,1062769984,6.7033,1.5521,46.0688,2.86,579915.1875,435294976,0.9577,7.2846,,587399552,54.67,80768440.0,1286 HK,GenAI Era (2023+)
1286,HK,Hong Kong,IMPRO PRECISION INDUSTRIES L,2024,133859344.0,1052026496,8.6674,1.6312,46.3031,2.99,473783.375,441432096,0.8726,7.8227,-78427408.0,566241856,56.87,77467848.0,1286 HK,GenAI Era (2023+)
1286,HK,Hong Kong,IMPRO PRECISION INDUSTRIES L,2025,151424640.0,1206306304,11.327,1.6039,43.2276,,1180781.0,483894720,1.3819,8.2701,-115996160.0,675083200,,92619896.0,1286 HK,GenAI Era (2023+)
1293,HK,Hong Kong,GRAND BAOXIN AUTO GROUP LTD,2015,-2224206.0,2899641856,1.6754,1.001,175.4187,,1600361.375,2133174528,1.2896,1.1407,-87759392.0,669546816,,333099040.0,1293 HK,Pre-COVID (≤2019)
1293,HK,Hong Kong,GRAND BAOXIN AUTO GROUP LTD,2016,134795584.0,3141858048,2.2185,1.4509,149.7796,,629936.5625,2415267584,0.9711,2.0398,-77944736.0,612289280,,536297536.0,1293 HK,Pre-COVID (≤2019)
1293,HK,Hong Kong,GRAND BAOXIN AUTO GROUP LTD,2017,40444980.0,3956225536,2.5278,1.6185,129.0977,,1420054.0,2888222208,1.0905,3.3985,-95131264.0,690836672,,488628192.0,1293 HK,Pre-COVID (≤2019)
1293,HK,Hong Kong,GRAND BAOXIN AUTO GROUP LTD,2018,16620346.0,4093596672,2.2141,1.4155,139.4637,,800599.875,3060408320,0.9444,2.0641,-109217776.0,642900032,,372504032.0,1293 HK,Pre-COVID (≤2019)
1293,HK,Hong Kong,GRAND BAOXIN AUTO GROUP LTD,2019,8955944.0,4132725504,2.1822,1.1293,143.7454,,542789.0,3027348736,0.8648,2.2102,-92301608.0,772706432,,238835344.0,1293 HK,Pre-COVID (≤2019)
1293,HK,Hong Kong,GRAND BAOXIN AUTO GROUP LTD,2020,314294976.0,4375762432,1.6411,1.3532,173.7893,,303743.3125,3148256768,0.7892,0.7374,-69175080.0,807812096,,298079872.0,1293 HK,COVID (2020–2022)
1293,HK,Hong Kong,GRAND BAOXIN AUTO GROUP LTD,2021,188603696.0,4420110848,2.5508,1.3425,161.4311,3.07,247452.1094,3055336192,0.7468,1.9485,-85292208.0,805852672,,267637856.0,1293 HK,COVID (2020–2022)
1293,HK,Hong Kong,GRAND BAOXIN AUTO GROUP LTD,2022,77110520.0,3649292800,,1.222,169.0527,3.11,161848.3906,2536876032,0.739,-2.6206,-81239664.0,725383104,,71914592.0,1293 HK,COVID (2020–2022)
1293,HK,Hong Kong,GRAND BAOXIN AUTO GROUP LTD,2023,24626370.0,3251974656,1.4513,1.3201,133.4352,3.02,99904.6953,2162679808,0.6946,0.521,-82250584.0,642878976,,26090520.0,1293 HK,GenAI Era (2023+)
13,HK,Hong Kong,HUTCHMED CHINA LTD,2017,-8943000.0,597932032,,4.1319,6.1833,1.67,,112966000,,-5.6865,-5019000.0,15481000,32.02,85265000.0,13 HK,Pre-COVID (≤2019)
13,HK,Hong Kong,HUTCHMED CHINA LTD,2018,-32847000.0,532118016,,4.3349,6.486,1.75,,119863000,,-13.2392,-6364000.0,17790000,32.54,86036000.0,13 HK,Pre-COVID (≤2019)
13,HK,Hong Kong,HUTCHMED CHINA LTD,2019,-80912000.0,465121984,,2.803,10.5729,1.77,,152219008,,-21.2635,-8565000.0,27481000,32.02,121157000.0,13 HK,Pre-COVID (≤2019)
13,HK,Hong Kong,HUTCHMED CHINA LTD,2020,-62066000.0,724118016,,3.3507,6.8812,3.19,,205168992,,-21.1446,-7949000.0,32186000,43.73,235630000.0,13 HK,COVID (2020–2022)
13,HK,Hong Kong,HUTCHMED CHINA LTD,2021,-204223008.0,1372660992,,3.8891,3.2771,4.43,6286489.0,333147008,4.8608,-18.5664,-16401000.0,53154000,54.36,377542016.0,13 HK,COVID (2020–2022)
13,HK,Hong Kong,HUTCHMED CHINA LTD,2022,-268599008.0,1029444992,,2.3732,3.6585,3.95,2660267.5,392575008,2.9913,-30.0432,-36664000.0,84669000,54.36,313278016.0,13 HK,COVID (2020–2022)
13,HK,Hong Kong,HUTCHMED CHINA LTD,2023,219258000.0,1279773056,,2.7215,11.5863,3.91,3201425.5,536385984,2.9307,8.7285,-32612000.0,104392000,56.73,283588992.0,13 HK,GenAI Era (2023+)
13,HK,Hong Kong,HUTCHMED CHINA LTD,2024,497000.0,1274195968,,2.8323,11.6369,3.89,2530299.25,502343008,2.3894,2.9545,-17933000.0,96995000,52.43,153958000.0,13 HK,GenAI Era (2023+)
13,HK,Hong Kong,HUTCHMED CHINA LTD,2025,-64657000.0,1753096960,,4.9635,7.8235,,2310427.75,501835008,1.612,30.186,-14148000.0,97650000,,71330000.0,13 HK,GenAI Era (2023+)
1302,HK,Hong Kong,LIFETECH SCIENTIFIC CORP,2017,23353340.0,195146080,,3.8782,0.0,,1036330.5625,32857056,5.4814,12.5756,0.0,54360120,,69456096.0,1302 HK,Pre-COVID (≤2019)
1302,HK,Hong Kong,LIFETECH SCIENTIFIC CORP,2018,28076942.0,222596784,,2.7752,1.9311,,830473.75,41759396,3.9207,8.646,0.0,54940032,,51257832.0,1302 HK,Pre-COVID (≤2019)
1302,HK,Hong Kong,LIFETECH SCIENTIFIC CORP,2019,37362016.0,254505840,10.7056,1.7754,30.4263,,826381.3125,87681880,3.597,7.8223,0.0,64362668,,42942672.0,1302 HK,Pre-COVID (≤2019)
1302,HK,Hong Kong,LIFETECH SCIENTIFIC CORP,2020,46351704.0,452651840,14.2973,3.1297,7.8856,,2655038.25,91319248,6.0745,9.143,0.0,74077856,,148866736.0,1302 HK,COVID (2020–2022)
1302,HK,Hong Kong,LIFETECH SCIENTIFIC CORP,2021,76582984.0,500891264,,3.8121,0.6194,5.86,2173249.25,102832400,4.5524,9.5295,0.0,113916552,74.52,176092880.0,1302 HK,COVID (2020–2022)
1302,HK,Hong Kong,LIFETECH SCIENTIFIC CORP,2022,59437624.0,534906080,,2.3885,0.3312,5.78,1531137.875,111478560,3.0764,9.466,0.0,113557968,74.63,120863944.0,1302 HK,COVID (2020–2022)
1302,HK,Hong Kong,LIFETECH SCIENTIFIC CORP,2023,60178116.0,661347968,,2.8971,0.2797,5.45,1393112.75,193262272,2.3888,6.2778,0.0,124606688,75.1,137907952.0,1302 HK,GenAI Era (2023+)
1302,HK,Hong Kong,LIFETECH SCIENTIFIC CORP,2024,46709764.0,671339840,,2.8618,0.1433,5.51,828630.25,195214544,1.5212,4.6347,0.0,133778664,75.1,91206816.0,1302 HK,GenAI Era (2023+)
1302,HK,Hong Kong,LIFETECH SCIENTIFIC CORP,2025,79098448.0,717177920,,1.5717,0.2313,,928258.5,219959648,1.5935,2.9825,0.0,138573776,,102919544.0,1302 HK,GenAI Era (2023+)
1308,HK,Hong Kong,SITC INTERNATIONAL HOLDINGS,2017,260678992.0,1608363008,,1.8121,42.7637,2.98,2621802.75,636924992,2.0314,12.3116,-19322000.0,910443008,54.38,505684000.0,1308 HK,Pre-COVID (≤2019)
1308,HK,Hong Kong,SITC INTERNATIONAL HOLDINGS,2018,244647008.0,1551890944,,1.8628,29.9957,3.47,2512836.5,506192000,1.9516,12.4999,-23517000.0,944710016,55.74,380702016.0,1308 HK,Pre-COVID (≤2019)
1308,HK,Hong Kong,SITC INTERNATIONAL HOLDINGS,2019,338836992.0,1749543936,16.6521,1.3084,41.7005,4.36,3261897.5,729974016,2.2889,13.3261,-9804000.0,1134264960,57.98,399363008.0,1308 HK,Pre-COVID (≤2019)
1308,HK,Hong Kong,SITC INTERNATIONAL HOLDINGS,2020,508032000.0,2040839040,85.9607,1.8087,48.425,5.38,5788318.5,845451008,3.2561,18.5535,-151555008.0,1270616064,64.88,518712992.0,1308 HK,COVID (2020–2022)
1308,HK,Hong Kong,SITC INTERNATIONAL HOLDINGS,2021,1338894976.0,2716422912,119.8214,1.5095,35.8825,5.35,9700286.0,1200738944,4.0184,48.8816,-67996000.0,1320893056,64.88,919481024.0,1308 HK,COVID (2020–2022)
1308,HK,Hong Kong,SITC INTERNATIONAL HOLDINGS,2022,2015282048.0,3082855936,,2.5165,23.8353,5.75,5968884.0,917844992,2.2386,67.0575,-412832000.0,1659570048,65.43,981531008.0,1308 HK,COVID (2020–2022)
1308,HK,Hong Kong,SITC INTERNATIONAL HOLDINGS,2023,688238976.0,2652463104,,1.2457,19.1969,5.85,4629831.5,721404992,2.0237,18.5305,-260644992.0,1877314944,73.74,416323008.0,1308 HK,GenAI Era (2023+)
1308,HK,Hong Kong,SITC INTERNATIONAL HOLDINGS,2024,1175650048.0,3198073088,,1.8789,16.057,6.57,7160856.0,776569024,2.4873,35.1532,-242939008.0,2063566976,74.1,744494016.0,1308 HK,GenAI Era (2023+)
1308,HK,Hong Kong,SITC INTERNATIONAL HOLDINGS,2025,1428733056.0,3477570048,,1.6873,12.9636,,9663750.0,976364032,3.0662,36.6373,-100207000.0,2119504000,,243584000.0,1308 HK,GenAI Era (2023+)
1310,HK,Hong Kong,HKBN LTD,2017,101987664.0,841495808,3.1449,1.1511,339.3899,,963786.9375,697245568,1.9739,2.5945,-51920608.0,292591264,,49202264.0,1310 HK,Pre-COVID (≤2019)
1310,HK,Hong Kong,HKBN LTD,2018,124464888.0,837861248,4.9172,1.0509,373.5819,,1493957.625,705753728,2.6254,6.031,-55336192.0,292260160,,47559308.0,1310 HK,Pre-COVID (≤2019)
1310,HK,Hong Kong,HKBN LTD,2019,137290144.0,2599283712,2.2726,1.0011,129.0594,,2351759.5,1648361600,1.5389,1.5915,-52812784.0,553675392,,84527760.0,1310 HK,Pre-COVID (≤2019)
1310,HK,Hong Kong,HKBN LTD,2020,221383424.0,2854614016,,0.629,171.9828,,2457249.75,2021033472,1.5688,0.4572,-69325816.0,645003264,,87281400.0,1310 HK,COVID (2020–2022)
1310,HK,Hong Kong,HKBN LTD,2021,262285232.0,2798826496,1.731,0.9358,212.8021,2.94,1524468.5,2086821248,1.2903,0.9426,-73750520.0,589176640,42.42,182717776.0,1310 HK,COVID (2020–2022)
1310,HK,Hong Kong,HKBN LTD,2022,197717312.0,2602443264,3.1843,0.972,238.1974,3.91,1253248.125,1975107712,1.2405,2.6227,-66029268.0,565286016,57.43,143865104.0,1310 HK,COVID (2020–2022)
1310,HK,Hong Kong,HKBN LTD,2023,180916928.0,2313860096,,0.9102,376.6772,3.69,632136.375,1924840320,1.1051,-6.5712,-62481776.0,523850560,60.43,129640320.0,1310 HK,GenAI Era (2023+)
1310,HK,Hong Kong,HKBN LTD,2024,165587840.0,2266106368,1.0342,0.9472,449.1206,3.97,452507.6562,1938510720,1.0551,0.0574,-46407420.0,482416576,57.24,156137744.0,1310 HK,GenAI Era (2023+)
1310,HK,Hong Kong,HKBN LTD,2025,162473168.0,2213479680,1.327,0.4179,493.3783,,958194.875,1920224256,1.2514,1.1847,-63316452.0,473233088,,152950832.0,1310 HK,GenAI Era (2023+)
1313,HK,Hong Kong,CHINA RESOURCES BUILDING MAT,2017,889105856.0,7235590144,9.6299,0.7746,56.2669,3.59,4298260.5,3333737984,1.0579,6.6556,-155842736.0,4459535360,43.58,689181696.0,1313 HK,Pre-COVID (≤2019)
1313,HK,Hong Kong,CHINA RESOURCES BUILDING MAT,2018,1489694336.0,7725336576,23.1338,1.3187,33.0187,3.91,6285553.5,2886956288,1.1907,13.6294,-174323264.0,4129036544,45.93,1570631680.0,1313 HK,Pre-COVID (≤2019)
1313,HK,Hong Kong,CHINA RESOURCES BUILDING MAT,2019,1478872704.0,7853291520,40.1378,1.6552,18.7529,4.0,8893178.0,2427037696,1.3732,14.1645,-262418320.0,4015826176,45.93,1649442560.0,1313 HK,Pre-COVID (≤2019)
1313,HK,Hong Kong,CHINA RESOURCES BUILDING MAT,2020,1413598592.0,8838677504,159.8026,1.4447,13.7224,4.18,7799146.5,2387069696,1.1582,13.8159,-670469312.0,4306938880,50.91,1705885440.0,1313 HK,COVID (2020–2022)
1313,HK,Hong Kong,CHINA RESOURCES BUILDING MAT,2021,877367040.0,10150591488,160.1168,0.7863,15.6333,4.59,5274704.0,3014798592,0.8266,10.5191,-1106977536.0,5752930304,52.37,906364992.0,1313 HK,COVID (2020–2022)
1313,HK,Hong Kong,CHINA RESOURCES BUILDING MAT,2022,445521696.0,10332846080,8.3194,0.6416,31.4128,4.44,3705521.0,3816282880,0.7479,2.4233,-1079218176.0,6925150208,53.3,279647776.0,1313 HK,COVID (2020–2022)
1313,HK,Hong Kong,CHINA RESOURCES BUILDING MAT,2023,580174016.0,10250695680,2.6994,0.7004,35.2746,4.93,1519856.875,3808520704,0.5423,0.8937,-612016448.0,7379402240,59.65,366651264.0,1313 HK,GenAI Era (2023+)
1313,HK,Hong Kong,CHINA RESOURCES BUILDING MAT,2024,547211456.0,9858769920,2.5825,0.4387,32.9732,5.09,1429364.0,3598414336,0.5319,0.2913,-361154688.0,7245168128,59.65,306213920.0,1313 HK,GenAI Era (2023+)
1313,HK,Hong Kong,CHINA RESOURCES BUILDING MAT,2025,471124736.0,9043474432,3.2072,0.6081,29.3016,,1390505.25,3146659584,0.5215,0.6523,-209142048.0,6607265792,,308543520.0,1313 HK,GenAI Era (2023+)
1316,HK,Hong Kong,NEXTEER AUTOMOTIVE GROUP LTD,2017,589905024.0,2979383040,16.736,1.7978,34.0929,2.72,5969566.5,1538668032,2.5329,12.4021,-236388992.0,885617984,35.11,600787968.0,1316 HK,Pre-COVID (≤2019)
1316,HK,Hong Kong,NEXTEER AUTOMOTIVE GROUP LTD,2018,584918976.0,3111511040,23.3586,1.9032,22.3268,3.07,3570346.5,1401666944,1.6102,12.4664,-158306000.0,936764032,43.78,674526016.0,1316 HK,Pre-COVID (≤2019)
1316,HK,Hong Kong,NEXTEER AUTOMOTIVE GROUP LTD,2019,464673984.0,3258971904,16.4801,1.7577,19.9457,3.22,2272796.5,1407315968,1.1414,7.2976,-200607008.0,1050913024,43.78,601827008.0,1316 HK,Pre-COVID (≤2019)
1316,HK,Hong Kong,NEXTEER AUTOMOTIVE GROUP LTD,2020,396696992.0,3305741056,,1.3507,15.9288,4.17,2693920.0,1384755968,1.2456,3.5574,-149740992.0,1066672000,52.47,553424000.0,1316 HK,COVID (2020–2022)
1316,HK,Hong Kong,NEXTEER AUTOMOTIVE GROUP LTD,2021,271888992.0,3206499072,,1.4438,7.3288,5.24,3115755.0,1203910016,1.3621,3.6375,-141600992.0,1052284992,61.49,326516000.0,1316 HK,COVID (2020–2022)
1316,HK,Hong Kong,NEXTEER AUTOMOTIVE GROUP LTD,2022,284128992.0,3335280896,,1.4537,5.5994,5.5,1643898.375,1358130944,0.9131,1.7736,-120343000.0,1033337984,61.49,245934000.0,1316 HK,COVID (2020–2022)
1316,HK,Hong Kong,NEXTEER AUTOMOTIVE GROUP LTD,2023,397099008.0,3404592896,29.7454,1.4211,8.5522,5.55,1584184.75,1393752064,0.8885,1.0901,-171950000.0,1051577984,61.49,311740992.0,1316 HK,GenAI Era (2023+)
1316,HK,Hong Kong,NEXTEER AUTOMOTIVE GROUP LTD,2024,433640000.0,3479141888,68.8858,1.4616,7.8218,5.58,1072726.375,1449240960,0.7395,1.7932,-170511008.0,1029424000,61.49,422278016.0,1316 HK,GenAI Era (2023+)
1316,HK,Hong Kong,NEXTEER AUTOMOTIVE GROUP LTD,2025,396243008.0,3770498048,,1.5641,6.8362,,2066826.875,1611369984,0.9881,2.814,-138150000.0,1055116992,,500720992.0,1316 HK,GenAI Era (2023+)
1317,HK,Hong Kong,CHINA MAPLE LEAF EDUCATIONAL,2017,101350712.0,669676480,,1.1135,16.9555,1.23,1170446.375,290405728,2.1978,10.7409,-34117464.0,306454464,32.87,250060032.0,1317 HK,Pre-COVID (≤2019)
1317,HK,Hong Kong,CHINA MAPLE LEAF EDUCATIONAL,2018,114015680.0,847548480,,1.4947,11.6836,1.54,1628322.5,307704832,2.2912,10.6301,-34700904.0,338663488,39.53,324724576.0,1317 HK,Pre-COVID (≤2019)
1317,HK,Hong Kong,CHINA MAPLE LEAF EDUCATIONAL,2019,123486864.0,911556160,,1.5099,7.7957,1.58,916771.25,318297408,1.3691,10.6617,-20177540.0,375132128,39.53,385977888.0,1317 HK,Pre-COVID (≤2019)
1317,HK,Hong Kong,CHINA MAPLE LEAF EDUCATIONAL,2020,87627288.0,1645503360,,0.6496,82.8686,1.87,1167163.75,970372352,1.3076,5.6795,-25580992.0,634864128,39.07,191415200.0,1317 HK,COVID (2020–2022)
1317,HK,Hong Kong,CHINA MAPLE LEAF EDUCATIONAL,2021,110797360.0,1219871232,,0.8181,244.8824,2.18,604633.0,1004901184,1.3194,-32.6638,-18764748.0,323096416,39.07,114457720.0,1317 HK,COVID (2020–2022)
1317,HK,Hong Kong,CHINA MAPLE LEAF EDUCATIONAL,2022,78118408.0,922556288,1.4908,0.4856,107.0729,2.13,135471.0,711129856,0.9177,0.8024,-54159644.0,343498208,39.07,116956344.0,1317 HK,COVID (2020–2022)
1317,HK,Hong Kong,CHINA MAPLE LEAF EDUCATIONAL,2023,16614772.0,856186560,1.2462,0.3553,112.695,2.73,135578.0938,649883008,0.9174,0.0815,-16938110.0,321002240,39.07,72744944.0,1317 HK,GenAI Era (2023+)
1317,HK,Hong Kong,CHINA MAPLE LEAF EDUCATIONAL,2024,34683364.0,874399744,1.3961,0.6079,104.9214,2.65,91430.8516,655668096,0.8544,0.2499,-3216514.0,315642016,39.53,79631728.0,1317 HK,GenAI Era (2023+)
1317,HK,Hong Kong,CHINA MAPLE LEAF EDUCATIONAL,2025,35858416.0,906233728,5.4411,0.7041,88.8417,,157996.0,643948288,0.8887,4.8781,-714567.0,302030944,,126400912.0,1317 HK,GenAI Era (2023+)
1318,HK,Hong Kong,MAO GEPING COSMETICS CO LT-H,2021,47126308.0,177930496,,3.0919,10.2538,,,54832840,,,-6366048.0,32360882,,77339088.0,1318 HK,COVID (2020–2022)
1318,HK,Hong Kong,MAO GEPING COSMETICS CO LT-H,2022,59286388.0,225539968,,3.421,4.8004,,,61083988,,26.2078,-4928884.0,24859972,,128707128.0,1318 HK,COVID (2020–2022)
1318,HK,Hong Kong,MAO GEPING COSMETICS CO LT-H,2023,101316544.0,294959712,,3.208,2.5168,,,76970368,,36.2653,-11981820.0,30984200,,160239680.0,1318 HK,GenAI Era (2023+)
1318,HK,Hong Kong,MAO GEPING COSMETICS CO LT-H,2024,135566832.0,612854336,,3.6234,10.3925,4.7,3587698.25,132880240,3.2773,26.815,-85400088.0,129541608,54.59,383107648.0,1318 HK,GenAI Era (2023+)
1318,HK,Hong Kong,MAO GEPING COSMETICS CO LT-H,2025,176319216.0,791659136,,5.2,1.6369,,5145013.5,123486712,6.6557,24.0663,-25911136.0,162935280,,491325504.0,1318 HK,GenAI Era (2023+)
1330,HK,Hong Kong,DYNAGREEN ENVIRONMENTAL PR-H,2017,-55313344.0,1046634432,2.4922,0.7989,160.0839,,601935.4375,703197632,1.2474,3.3242,-55990760.0,1724779,,102247280.0,1330 HK,Pre-COVID (≤2019)
1330,HK,Hong Kong,DYNAGREEN ENVIRONMENTAL PR-H,2018,-63303092.0,1553973504,2.8389,0.5183,188.0121,,1534291.75,1107277696,1.0241,4.1791,-133209208.0,19407464,,92168128.0,1330 HK,Pre-COVID (≤2019)
1330,HK,Hong Kong,DYNAGREEN ENVIRONMENTAL PR-H,2019,-55434540.0,1963234560,2.3161,0.3503,234.1738,,1326150.125,1461106944,1.4344,3.4162,-289849792.0,19155108,,50547636.0,1330 HK,Pre-COVID (≤2019)
1330,HK,Hong Kong,DYNAGREEN ENVIRONMENTAL PR-H,2020,-30538770.0,2672826112,2.3256,0.7036,165.6755,,1475646.625,1787258368,1.2375,3.2355,-231985536.0,47046056,,242516016.0,1330 HK,COVID (2020–2022)
1330,HK,Hong Kong,DYNAGREEN ENVIRONMENTAL PR-H,2021,9915792.0,3180325376,2.8135,0.8562,155.5945,2.54,1832529.75,2091987968,1.2533,3.7057,-246648640.0,64024096,47.69,150216320.0,1330 HK,COVID (2020–2022)
1330,HK,Hong Kong,DYNAGREEN ENVIRONMENTAL PR-H,2022,109646200.0,3287252480,2.7565,1.208,158.3215,3.16,1101253.125,2154663424,1.0118,3.4728,-183804432.0,59228556,51.12,270313280.0,1330 HK,COVID (2020–2022)
1330,HK,Hong Kong,DYNAGREEN ENVIRONMENTAL PR-H,2023,80191944.0,3173726464,2.5633,0.968,144.5188,3.37,1046503.6875,2008577280,0.9833,2.7835,-101977296.0,55953528,52.19,145690048.0,1330 HK,GenAI Era (2023+)
1330,HK,Hong Kong,DYNAGREEN ENVIRONMENTAL PR-H,2024,152569024.0,3012408320,2.5453,1.5512,135.199,3.0,1075784.5,1843984768,0.9909,2.628,-51410400.0,42757368,49.91,118887896.0,1330 HK,GenAI Era (2023+)
1330,HK,Hong Kong,DYNAGREEN ENVIRONMENTAL PR-H,2025,214523264.0,3137275648,3.1586,2.2799,130.6525,,1257791.625,1896439552,0.9192,2.8122,-36368296.0,14960212,,220749712.0,1330 HK,GenAI Era (2023+)
1347,HK,Hong Kong,HUA HONG GRACE SEMICONDUCTOR,2017,261964000.0,2078306048,,2.5336,5.4796,2.79,2200798.75,383100992,1.2439,7.4399,-136088992.0,754096000,45.75,374889984.0,1347 HK,Pre-COVID (≤2019)
1347,HK,Hong Kong,HUA HONG GRACE SEMICONDUCTOR,2018,282440992.0,3078274048,,5.383,1.1314,2.62,2376871.5,373942016,1.072,7.1039,-229836992.0,832169024,44.14,777000000.0,1347 HK,Pre-COVID (≤2019)
1347,HK,Hong Kong,HUA HONG GRACE SEMICONDUCTOR,2019,179894000.0,3613303040,,3.1485,1.4409,2.91,2927317.5,530711008,1.1901,4.849,-922281024.0,1632808960,47.43,476286016.0,1347 HK,Pre-COVID (≤2019)
1347,HK,Hong Kong,HUA HONG GRACE SEMICONDUCTOR,2020,269110016.0,4568586240,,2.1185,18.5427,2.99,7354147.5,7886794752,2.1467,1.8812,-7435513856.0,2589662976,47.01,922785984.0,1347 HK,COVID (2020–2022)
1347,HK,Hong Kong,HUA HONG GRACE SEMICONDUCTOR,2021,512640992.0,6202099200,,2.2132,43.6449,3.21,7172959.0,2517552128,1.6932,4.9427,-938910976.0,3191832064,49.04,1610140032.0,1347 HK,COVID (2020–2022)
1347,HK,Hong Kong,HUA HONG GRACE SEMICONDUCTOR,2022,732028992.0,7055375872,22.3898,2.2249,48.7481,3.26,4563875.5,20335980544,1.2432,6.8928,-6729784832.0,3446140928,50.02,2008765056.0,1347 HK,COVID (2020–2022)
1347,HK,Hong Kong,HUA HONG GRACE SEMICONDUCTOR,2023,596675968.0,10943420416,,6.7561,26.4739,3.4,5619526.5,2928876032,0.9377,3.1317,-906606976.0,3597837056,52.05,5585181184.0,1347 HK,GenAI Era (2023+)
1347,HK,Hong Kong,HUA HONG GRACE SEMICONDUCTOR,2024,435792992.0,12415108096,,3.7334,24.9356,3.46,6248913.0,3508488960,1.0002,0.4975,-2779856896.0,5936878080,55.05,4459131904.0,1347 HK,GenAI Era (2023+)
1347,HK,Hong Kong,HUA HONG GRACE SEMICONDUCTOR,2025,570312000.0,14453772288,,3.5592,47.2853,,18971824.0,37028540416,11.9122,0.4085,-12931400704.0,6740923904,,4960960000.0,1347 HK,GenAI Era (2023+)
1349,HK,Hong Kong,SHANGHAI FUDAN-ZHANGJIANG-H,2017,-509522.0,175993024,23.0362,3.0553,15.6866,,548202.1875,38829604,3.3531,6.6452,-9505390.0,50367436,,72492448.0,1349 HK,Pre-COVID (≤2019)
1349,HK,Hong Kong,SHANGHAI FUDAN-ZHANGJIANG-H,2018,27208088.0,213664448,32.9462,2.2692,15.7162,,460781.125,74908624,2.5148,8.5764,-5894792.0,40664896,,85515944.0,1349 HK,Pre-COVID (≤2019)
1349,HK,Hong Kong,SHANGHAI FUDAN-ZHANGJIANG-H,2019,38982008.0,224721344,61.2441,1.9922,16.6207,,528498.4375,90713792,2.7565,14.9848,-5847411.0,37367824,,82833016.0,1349 HK,Pre-COVID (≤2019)
1349,HK,Hong Kong,SHANGHAI FUDAN-ZHANGJIANG-H,2020,15646527.0,383120032,,4.7358,0.9804,,2029256.125,75409240,5.4925,8.1004,-6152984.0,42372492,,214010624.0,1349 HK,COVID (2020–2022)
1349,HK,Hong Kong,SHANGHAI FUDAN-ZHANGJIANG-H,2021,41693960.0,437559552,,3.6501,1.4278,2.52,1727368.375,93073160,4.1592,8.0765,-18624452.0,53766736,40.72,190192240.0,1349 HK,COVID (2020–2022)
1349,HK,Hong Kong,SHANGHAI FUDAN-ZHANGJIANG-H,2022,24723928.0,431392928,,3.073,5.5399,2.51,995901.125,104801832,2.5501,4.7939,-12982737.0,56587220,41.35,186893376.0,1349 HK,COVID (2020–2022)
1349,HK,Hong Kong,SHANGHAI FUDAN-ZHANGJIANG-H,2023,9521340.0,405098784,,3.7017,0.7327,3.21,1030019.9375,72962896,2.7231,3.712,-13975898.0,72261032,46.28,168407600.0,1349 HK,GenAI Era (2023+)
1349,HK,Hong Kong,SHANGHAI FUDAN-ZHANGJIANG-H,2024,-2293539.0,354344544,,6.4027,0.8904,3.85,849891.6875,38527208,2.5075,1.4546,-5926614.0,74015800,54.24,144708560.0,1349 HK,GenAI Era (2023+)
1349,HK,Hong Kong,SHANGHAI FUDAN-ZHANGJIANG-H,2025,19681284.0,342054592,,6.048,0.6941,,960279.5625,39194492,1.1971,-6.3265,-4505014.0,73391296,,164124064.0,1349 HK,GenAI Era (2023+)
135,HK,Hong Kong,KUNLUN ENERGY CO LTD,2017,1851680640.0,21602041856,5.5316,0.8338,68.0869,3.17,8411000.0,11516282880,1.1046,3.5326,-1826643968.0,15294542848,37.68,3358077184.0,135 HK,Pre-COVID (≤2019)
135,HK,Hong Kong,KUNLUN ENERGY CO LTD,2018,2447452416.0,20438614016,5.8684,0.7832,55.2743,4.03,8554717.0,10248309760,1.1148,3.2965,-1279628672.0,14509704192,48.75,2976520960.0,135 HK,Pre-COVID (≤2019)
135,HK,Hong Kong,KUNLUN ENERGY CO LTD,2019,2283182848.0,21239193600,8.75,0.7545,44.348,4.03,7648097.0,9867593728,1.0221,3.8484,-1438047616.0,15190280192,48.75,2676853248.0,135 HK,Pre-COVID (≤2019)
135,HK,Hong Kong,KUNLUN ENERGY CO LTD,2020,2349292544.0,23744944128,11.3836,1.6559,33.5242,2.97,7482101.5,10794981376,0.9694,4.0035,-986839296.0,10399098880,47.26,2493105664.0,135 HK,COVID (2020–2022)
135,HK,Hong Kong,KUNLUN ENERGY CO LTD,2021,1900185600.0,20859017216,60.7647,1.3191,33.1883,2.94,8117453.0,8923868160,0.9647,16.0072,-1219343872.0,10968046592,50.85,4482937856.0,135 HK,COVID (2020–2022)
135,HK,Hong Kong,KUNLUN ENERGY CO LTD,2022,2302128384.0,20133359616,67.6095,1.4931,32.0327,2.99,6181925.0,8435044864,0.8757,3.8516,-850453632.0,10079436800,48.7,2905227264.0,135 HK,COVID (2020–2022)
135,HK,Hong Kong,KUNLUN ENERGY CO LTD,2023,2153132288.0,20210528256,62.8506,1.6539,29.3788,4.19,7804517.5,8130456576,0.9441,4.0239,-731361728.0,9580352512,63.35,3851884288.0,135 HK,GenAI Era (2023+)
135,HK,Hong Kong,KUNLUN ENERGY CO LTD,2024,1872735232.0,19644080128,,1.6044,27.3304,4.25,9363638.0,7473902080,1.0223,4.1546,-846710208.0,9151026176,58.87,3812231168.0,135 HK,GenAI Era (2023+)
135,HK,Hong Kong,KUNLUN ENERGY CO LTD,2025,1873503360.0,20620537856,,1.7339,23.2127,,8265123.5,7417550336,0.9307,3.7188,-818718144.0,9402927104,,4475540480.0,135 HK,GenAI Era (2023+)
1357,HK,Hong Kong,MEITU INC,2017,11934815.0,1045310528,,5.4321,0.0,3.11,5950533.0,178198160,5.8642,-2.9558,-7763904.0,14123596,44.73,214645216.0,1357 HK,Pre-COVID (≤2019)
1357,HK,Hong Kong,MEITU INC,2018,-283811136.0,739837440,,4.2349,0.2525,2.74,1174942.375,164140736,1.8336,-21.1015,-21772902.0,22252090,43.6,77286912.0,1357 HK,Pre-COVID (≤2019)
1357,HK,Hong Kong,MEITU INC,2019,14601570.0,662852928,,4.5688,1.3227,2.71,902927.75,126448288,1.5742,-8.1718,-1845919.0,18168280,43.6,124165064.0,1357 HK,Pre-COVID (≤2019)
1357,HK,Hong Kong,MEITU INC,2020,22271636.0,690519680,,3.5762,0.9469,3.13,801145.875,143909328,1.3719,-0.8982,-51004152.0,59852616,43.6,308182208.0,1357 HK,COVID (2020–2022)
1357,HK,Hong Kong,MEITU INC,2021,295843.0,746891008,,2.4145,1.3807,3.14,865178.0,193752768,1.4177,-0.962,-5373703.0,66797720,43.6,116224096.0,1357 HK,COVID (2020–2022)
1357,HK,Hong Kong,MEITU INC,2022,36903504.0,725415040,,2.2976,1.0285,3.14,780140.8125,187695184,1.3222,1.9308,-7495859.0,68000608,43.6,137216544.0,1357 HK,COVID (2020–2022)
1357,HK,Hong Kong,MEITU INC,2023,62611708.0,812142464,,2.1898,2.1946,2.99,2063816.375,232846000,2.8287,7.0239,-7310228.0,75993072,44.73,90214192.0,1357 HK,GenAI Era (2023+)
1357,HK,Hong Kong,MEITU INC,2024,111041544.0,965377536,,2.4875,3.0744,3.61,1741799.375,275928832,2.0909,12.5673,-6393384.0,71507656,48.51,178290272.0,1357 HK,GenAI Era (2023+)
1357,HK,Hong Kong,MEITU INC,2025,188771472.0,1328987648,,1.8689,25.8594,,4124315.0,522315616,3.4932,7.1368,-6531233.0,73415464,,502855008.0,1357 HK,GenAI Era (2023+)
136,HK,Hong Kong,CHINA RUYI HOLDINGS LTD,2017,14871192.0,154341744,26.7208,4.2583,5.7696,2.56,3485946.5,41563816,22.8567,8.7921,-57538320.0,3508442,42.93,115352072.0,136 HK,Pre-COVID (≤2019)
136,HK,Hong Kong,CHINA RUYI HOLDINGS LTD,2018,31731942.0,182832800,,4.1241,5.0945,2.72,2267252.75,49710424,12.6731,9.4396,-534478.0,1964199,41.8,156691472.0,136 HK,Pre-COVID (≤2019)
136,HK,Hong Kong,CHINA RUYI HOLDINGS LTD,2019,14165464.0,220841120,,3.8234,6.4558,2.47,1063253.625,56905248,5.0722,6.4438,-2513977.0,4856966,41.8,188600544.0,136 HK,Pre-COVID (≤2019)
136,HK,Hong Kong,CHINA RUYI HOLDINGS LTD,2020,-34060608.0,195066944,,15.772,1.4147,2.02,2761628.5,13799638,14.2281,0.8553,-2889718.0,4027761,41.8,157968496.0,136 HK,COVID (2020–2022)
136,HK,Hong Kong,CHINA RUYI HOLDINGS LTD,2021,-227534624.0,1670818944,,2.3147,27.8204,2.97,3493710.75,786720768,2.5625,19.765,-33696316.0,12181369,41.35,179270784.0,136 HK,COVID (2020–2022)
136,HK,Hong Kong,CHINA RUYI HOLDINGS LTD,2022,-47509560.0,1916181376,27.3319,2.5475,22.6459,3.24,2500617.0,760087296,1.702,6.6238,-247597.0,10537645,42.48,172458176.0,136 HK,COVID (2020–2022)
136,HK,Hong Kong,CHINA RUYI HOLDINGS LTD,2023,78070704.0,2349061888,197.0711,1.9567,16.4374,3.38,2566205.25,794960576,1.4308,4.6137,-8423440.0,18805132,42.48,80254320.0,136 HK,GenAI Era (2023+)
136,HK,Hong Kong,CHINA RUYI HOLDINGS LTD,2024,71954672.0,2968834816,,2.5269,10.816,3.79,4291024.0,731307520,1.7691,-0.9936,-2396234.0,21342850,46.26,478620448.0,136 HK,GenAI Era (2023+)
136,HK,Hong Kong,CHINA RUYI HOLDINGS LTD,2025,86418608.0,4329645056,,4.3389,11.0125,,4726852.5,917800320,1.303,6.9193,-1755887.0,19575768,,899409920.0,136 HK,GenAI Era (2023+)
1361,HK,Hong Kong,361 DEGREES INTERNATIONAL,2017,105856016.0,1712284928,6.8976,3.5522,44.2133,,714581.5625,816057152,0.9051,4.2227,-6465846.0,190120960,,273739232.0,1361 HK,Pre-COVID (≤2019)
1361,HK,Hong Kong,361 DEGREES INTERNATIONAL,2018,29304678.0,1739477248,5.9766,3.1751,47.9536,,430299.4375,882547776,0.7653,2.6284,-4959809.0,166681536,,192465792.0,1361 HK,Pre-COVID (≤2019)
1361,HK,Hong Kong,361 DEGREES INTERNATIONAL,2019,73873976.0,1707090560,6.8989,3.7949,38.0399,,376931.5,750802752,0.6889,3.6257,-1887908.0,153531744,,458342176.0,1361 HK,Pre-COVID (≤2019)
1361,HK,Hong Kong,361 DEGREES INTERNATIONAL,2020,-5635517.0,1780481920,10.6261,2.5834,25.6281,,287992.8438,621333952,0.5931,3.5312,-1075484.0,152078688,,519166400.0,1361 HK,COVID (2020–2022)
1361,HK,Hong Kong,361 DEGREES INTERNATIONAL,2021,62391520.0,1768063104,,3.7793,2.4413,2.43,1060648.625,422011136,0.9666,5.2643,-1392694.0,145971424,41.46,517115840.0,1361 HK,COVID (2020–2022)
1361,HK,Hong Kong,361 DEGREES INTERNATIONAL,2022,67731144.0,1802669696,,3.8836,3.1096,3.0,882514.6875,437511680,0.8508,6.3117,-4603513.0,126784416,50.53,556098944.0,1361 HK,COVID (2020–2022)
1361,HK,Hong Kong,361 DEGREES INTERNATIONAL,2023,-62805456.0,1839865088,,3.762,3.0372,2.97,918605.0625,470635936,0.8041,7.5403,-9034767.0,122078800,50.53,504713856.0,1361 HK,GenAI Era (2023+)
1361,HK,Hong Kong,361 DEGREES INTERNATIONAL,2024,14036277.0,1837623936,,3.5858,2.6911,3.47,1128644.5,491057344,0.9152,8.6757,-37316364.0,145234400,55.57,581627392.0,1361 HK,GenAI Era (2023+)
1361,HK,Hong Kong,361 DEGREES INTERNATIONAL,2025,113469160.0,2061973888,,3.3437,2.9333,,1609752.5,552446400,1.0814,9.408,-39699760.0,163159488,,584428928.0,1361 HK,GenAI Era (2023+)
1364,HK,Hong Kong,GUMING HOLDINGS LTD,2021,41472268.0,321502176,72.5704,0.444,,,,511211424,,,-25356432.0,50203268,,23883828.0,1364 HK,COVID (2020–2022)
1364,HK,Hong Kong,GUMING HOLDINGS LTD,2022,150366560.0,439462496,13080.7236,0.5905,,,,557833472,,14.4475,-29600218.0,65167568,,166295328.0,1364 HK,COVID (2020–2022)
1364,HK,Hong Kong,GUMING HOLDINGS LTD,2023,222177200.0,725641984,,0.919,31.5497,,,638965696,,26.3819,-56323608.0,108215376,,324449248.0,1364 HK,GenAI Era (2023+)
1364,HK,Hong Kong,GUMING HOLDINGS LTD,2024,183421376.0,941808256,,1.0915,8.3045,2.56,,652466944,,24.5853,-62377512.0,152743232,34.07,259439680.0,1364 HK,GenAI Era (2023+)
1364,HK,Hong Kong,GUMING HOLDINGS LTD,2025,329105632.0,2382328320,,1.3853,111.5914,,7570940.5,1546418816,3.8282,26.4325,-34564188.0,167745776,,618190464.0,1364 HK,GenAI Era (2023+)
1368,HK,Hong Kong,XTEP INTERNATIONAL HOLDINGS,2017,92274560.0,1373001344,10.8953,3.1669,34.7187,,867368.0,554059648,1.0478,4.7714,-25669460.0,136253088,,588973184.0,1368 HK,Pre-COVID (≤2019)
1368,HK,Hong Kong,XTEP INTERNATIONAL HOLDINGS,2018,23360864.0,1337296640,15.0507,2.4589,36.4596,,1217329.125,562277952,1.3313,7.2414,-10953398.0,127179760,,464608416.0,1368 HK,Pre-COVID (≤2019)
1368,HK,Hong Kong,XTEP INTERNATIONAL HOLDINGS,2019,113178344.0,1769621632,11.0597,2.524,36.364,,1335377.375,770075712,1.1954,6.7622,-14041814.0,146189216,,426444544.0,1368 HK,Pre-COVID (≤2019)
1368,HK,Hong Kong,XTEP INTERNATIONAL HOLDINGS,2020,46441364.0,1926046208,7.6387,2.7074,32.383,,1264766.625,807844736,1.0855,4.1217,-29978326.0,187754784,,531920416.0,1368 HK,COVID (2020–2022)
1368,HK,Hong Kong,XTEP INTERNATIONAL HOLDINGS,2021,108746592.0,2299443968,19.8365,2.574,24.8111,1.31,4385270.0,1043573440,2.3646,6.6821,-102566296.0,281116096,26.51,618270976.0,1368 HK,COVID (2020–2022)
1368,HK,Hong Kong,XTEP INTERNATIONAL HOLDINGS,2022,85035248.0,2390849792,16.7965,1.8568,31.9496,1.83,2936933.0,1186735744,1.7286,5.9256,-54277204.0,297601824,35.58,567434688.0,1368 HK,COVID (2020–2022)
1368,HK,Hong Kong,XTEP INTERNATIONAL HOLDINGS,2023,177217456.0,2439794688,11.2687,2.0441,42.6106,1.86,1491412.5,1183206272,1.0991,6.0913,-69118128.0,339336736,35.58,463953568.0,1368 HK,GenAI Era (2023+)
1368,HK,Hong Kong,XTEP INTERNATIONAL HOLDINGS,2024,170575296.0,2187596544,19.4938,2.1258,34.7864,2.4,1948554.5,995365888,1.344,7.4393,-54700036.0,331365056,40.62,408142304.0,1368 HK,GenAI Era (2023+)
1368,HK,Hong Kong,XTEP INTERNATIONAL HOLDINGS,2025,132566784.0,2417890048,20.7689,2.3727,26.0738,,1914238.875,958113792,1.188,8.3462,-36762980.0,367959104,,559601408.0,1368 HK,GenAI Era (2023+)
1378,HK,Hong Kong,CHINA HONGQIAO GROUP LTD,2017,4306139136.0,24387936256,2.9853,1.1914,131.318,2.15,9025066.0,16129131520,1.0454,3.4063,-1331063808.0,13501452288,38.81,3373128960.0,1378 HK,Pre-COVID (≤2019)
1378,HK,Hong Kong,CHINA HONGQIAO GROUP LTD,2018,927765312.0,25692649472,3.0821,1.555,132.3869,2.46,4929075.5,16588993536,0.8525,3.2243,-828355008.0,11816012800,44.44,6597428736.0,1378 HK,Pre-COVID (≤2019)
1378,HK,Hong Kong,CHINA HONGQIAO GROUP LTD,2019,1465452416.0,25792636928,2.725,1.4267,119.6218,2.95,5171648.5,16312213504,0.8488,3.4212,-485644416.0,10938878976,48.01,6011017216.0,1378 HK,Pre-COVID (≤2019)
1378,HK,Hong Kong,CHINA HONGQIAO GROUP LTD,2020,1988146176.0,27811465216,4.1985,1.3283,100.27,3.07,8129835.0,16045062144,0.9001,5.8127,-882142784.0,10785162240,51.51,6965522944.0,1378 HK,COVID (2020–2022)
1378,HK,Hong Kong,CHINA HONGQIAO GROUP LTD,2021,3907099136.0,29644109824,7.7104,1.6416,64.4756,3.23,9627282.0,15100783616,0.8932,8.6894,-1031083968.0,10880934912,51.51,7744887808.0,1378 HK,COVID (2020–2022)
1378,HK,Hong Kong,CHINA HONGQIAO GROUP LTD,2022,701929984.0,26924562432,4.8888,1.2269,62.8852,3.39,8951218.0,12964371456,0.8775,4.6514,-1527698176.0,10978021376,51.51,3969579520.0,1378 HK,COVID (2020–2022)
1378,HK,Hong Kong,CHINA HONGQIAO GROUP LTD,2023,2822518272.0,28209328128,5.9209,1.1805,56.9235,3.58,7752117.5,13246160896,0.8143,5.9372,-1024557248.0,11248193536,51.51,4467008512.0,1378 HK,GenAI Era (2023+)
1378,HK,Hong Kong,CHINA HONGQIAO GROUP LTD,2024,4358782464.0,31395051520,10.893,1.4266,59.0583,4.02,14345602.0,15145290752,0.9865,10.4182,-1780860032.0,11653183488,54.06,6133413888.0,1378 HK,GenAI Era (2023+)
1378,HK,Hong Kong,CHINA HONGQIAO GROUP LTD,2025,5098342400.0,35108814848,12.139,2.1181,52.2329,,41590112.0,14832885760,1.6452,9.5401,-1548695552.0,12726734848,,7323886592.0,1378 HK,GenAI Era (2023+)
1385,HK,Hong Kong,SHANGHAI FUDAN MICROELECT-H,2017,14741372.0,339837472,,4.1665,0.0,,582335.1875,67127456,1.9809,10.6321,-24952016.0,51071816,,99794272.0,1385 HK,Pre-COVID (≤2019)
1385,HK,Hong Kong,SHANGHAI FUDAN MICROELECT-H,2018,3702405.0,370186592,,4.8996,0.0,,589273.75,63602280,1.9136,4.4161,-25548820.0,50184560,,101100576.0,1385 HK,Pre-COVID (≤2019)
1385,HK,Hong Kong,SHANGHAI FUDAN MICROELECT-H,2019,-8691211.0,353150400,,4.0505,2.2465,,640184.375,74678920,2.087,-6.4975,-24575948.0,61522448,,66836544.0,1385 HK,Pre-COVID (≤2019)
1385,HK,Hong Kong,SHANGHAI FUDAN MICROELECT-H,2020,31856700.0,410375520,,3.9037,2.3996,,1253985.625,86798584,3.3351,5.1722,-33122444.0,68104928,,67517416.0,1385 HK,COVID (2020–2022)
1385,HK,Hong Kong,SHANGHAI FUDAN MICROELECT-H,2021,93470656.0,655278272,,4.2651,3.0202,3.91,5125128.0,125566248,8.0673,15.0349,-87527448.0,105490528,51.34,98111928.0,1385 HK,COVID (2020–2022)
1385,HK,Hong Kong,SHANGHAI FUDAN MICROELECT-H,2022,48411308.0,885815680,,4.7873,1.986,3.94,6461965.0,138827968,7.5534,20.9586,-116366976.0,134825920,50.92,172618848.0,1385 HK,COVID (2020–2022)
1385,HK,Hong Kong,SHANGHAI FUDAN MICROELECT-H,2023,-103309704.0,1184497152,50.4817,3.1593,25.4621,4.06,3422177.25,344962688,3.2587,9.9089,-120166056.0,229534496,50.92,141249008.0,1385 HK,GenAI Era (2023+)
1385,HK,Hong Kong,SHANGHAI FUDAN MICROELECT-H,2024,96583688.0,1238610432,,2.9136,25.8021,4.21,3378230.0,342081792,3.0755,6.5618,-87914600.0,225208736,52.92,148984096.0,1385 HK,GenAI Era (2023+)
1385,HK,Hong Kong,SHANGHAI FUDAN MICROELECT-H,2025,104527600.0,1317070208,11.5948,4.0205,22.5125,,7319133.5,350682208,3.9648,2.5467,-36946760.0,227681856,,185806720.0,1385 HK,GenAI Era (2023+)
14,HK,Hong Kong,HYSAN DEVELOPMENT CO,2017,322355040.0,10511629312,25.3969,1.9296,8.4725,2.94,5548495.5,1167261824,0.676,4.485,-190692512.0,9372527616,42.78,260358672.0,14 HK,Pre-COVID (≤2019)
14,HK,Hong Kong,HYSAN DEVELOPMENT CO,2018,353681504.0,11113480192,42.3518,1.7695,8.143,3.12,4977170.5,1200939648,0.5927,7.1328,-161402272.0,9983019008,48.07,359669056.0,14 HK,Pre-COVID (≤2019)
14,HK,Hong Kong,HYSAN DEVELOPMENT CO,2019,402036544.0,12458660864,31.6103,3.9355,15.4733,3.52,4095849.75,2063241472,0.5284,5.2638,-122014904.0,10256765952,49.08,1198069120.0,14 HK,Pre-COVID (≤2019)
14,HK,Hong Kong,HYSAN DEVELOPMENT CO,2020,252058704.0,14155177984,,16.3673,21.6926,3.86,3814887.25,2876820224,0.5982,-2.1847,-117713352.0,9779460096,52.32,3215884032.0,14 HK,COVID (2020–2022)
14,HK,Hong Kong,HYSAN DEVELOPMENT CO,2021,281879360.0,15052645376,5.7268,4.905,21.2289,3.59,3196617.25,3781724928,0.583,1.622,-2873342464.0,12257646592,52.32,1077781376.0,14 HK,COVID (2020–2022)
14,HK,Hong Kong,HYSAN DEVELOPMENT CO,2022,252727728.0,15274234880,,1.7026,32.7019,3.58,3330467.5,4582847488,0.6289,-0.5978,-393458400.0,12485740544,52.03,996064960.0,14 HK,COVID (2020–2022)
14,HK,Hong Kong,HYSAN DEVELOPMENT CO,2023,208971152.0,14662893568,,2.3531,32.0789,4.24,2038080.0,4459964416,0.5524,-0.368,-213186336.0,12367679488,55.58,493432000.0,14 HK,GenAI Era (2023+)
14,HK,Hong Kong,HYSAN DEVELOPMENT CO,2024,227099200.0,14687617024,1.9274,0.5979,34.243,4.25,1565428.25,4719543808,0.5281,0.3963,-242222064.0,12536014848,55.58,284640256.0,14 HK,GenAI Era (2023+)
14,HK,Hong Kong,HYSAN DEVELOPMENT CO,2025,207165312.0,14828299264,2.7355,1.5005,37.4262,,2493667.0,5037063680,0.6011,0.732,-337750016.0,12469584896,,492169728.0,14 HK,GenAI Era (2023+)
